cell	cluster_id	QC	cluster_label	subclass_label	class_label	cluster_color	size
10x_cells_v2_CACAAACGTCGATTGT-4L8TX_171026_01_F04	55	27823	L5 IT Rspo1_1	L5 IT	Glutamatergic	#3CBC78	23252
10x_cells_v2_CCCATACGTTTAAGCC-9L8TX_171026_01_H03	55	64989	L5 IT Rspo1_1	L5 IT	Glutamatergic	#3CBC78	23252
10x_cells_v2_CCAATCCAGTTGTAGA-13L8TX_171026_01_E05	55	94966	L5 IT Rspo1_1	L5 IT	Glutamatergic	#3CBC78	23252
10x_cells_v2_TGCGCAGAGCCAGTTT-13L8TX_171026_01_E05	55	100398	L5 IT Rspo1_1	L5 IT	Glutamatergic	#3CBC78	23252
10x_cells_v2_CTTTGCGAGGTTACCT-15L8TX_171026_01_G05	55	113057	L5 IT Rspo1_1	L5 IT	Glutamatergic	#3CBC78	23252
10x_cells_v2_CCCTCCTAGTTAGCGG-16L8TX_171026_01_H05	55	118139	L5 IT Rspo1_1	L5 IT	Glutamatergic	#3CBC78	23252
10x_cells_v2_GGACAAGGTAGCGCTC-16L8TX_171026_01_H05	55	120299	L5 IT Rspo1_1	L5 IT	Glutamatergic	#3CBC78	23252
10x_cells_v2_CCTATTAGTTGAGTTC-13L8TX_171026_01_E05	72	95341	L6 CT Cpa6	L6 CT	Glutamatergic	#338C5E	21200
10x_cells_v2_CGCTGGAGTGAAGGCT-9L8TX_171026_01_H03	59	65697	L5 IT S100b	L5 IT	Glutamatergic	#00CF1E	8457
10x_cells_v2_GCGCGATGTACGAAAT-8L8TX_171026_01_A05	54	58819	L2/3 IT 	L2/3 IT	Glutamatergic	#6F836B	11119
10x_cells_v2_TAAGAGACATCCGCGA-10L8TX_171026_01_A04	54	77450	L2/3 IT 	L2/3 IT	Glutamatergic	#6F836B	11119
10x_cells_v2_AATCGGTCATCCGTGG-1L8TX_171026_01_F03	63	435	L5 ET_1	L5 ET	Glutamatergic	#53A367	271
10x_cells_v2_ACGGCCAAGGCAAAGA-1L8TX_171026_01_F03	63	848	L5 ET_1	L5 ET	Glutamatergic	#53A367	271
10x_cells_v2_AGAGTGGGTGTGACGA-1L8TX_171026_01_F03	63	1162	L5 ET_1	L5 ET	Glutamatergic	#53A367	271
10x_cells_v2_AGGCCACGTCAAACTC-1L8TX_171026_01_F03	63	1372	L5 ET_1	L5 ET	Glutamatergic	#53A367	271
10x_cells_v2_CGACTTCTCATCACCC-1L8TX_171026_01_F03	63	3428	L5 ET_1	L5 ET	Glutamatergic	#53A367	271
10x_cells_v2_CTGTGCTTCGGAAATA-1L8TX_171026_01_F03	63	4639	L5 ET_1	L5 ET	Glutamatergic	#53A367	271
10x_cells_v2_GAACATCAGGTGACCA-1L8TX_171026_01_F03	63	4811	L5 ET_1	L5 ET	Glutamatergic	#53A367	271
10x_cells_v2_GCACTCTAGCAAATCA-1L8TX_171026_01_F03	63	5414	L5 ET_1	L5 ET	Glutamatergic	#53A367	271
10x_cells_v2_GTACGTACATCGACGC-1L8TX_171026_01_F03	63	6417	L5 ET_1	L5 ET	Glutamatergic	#53A367	271
10x_cells_v2_TACTCATTCGGAAATA-1L8TX_171026_01_F03	63	7226	L5 ET_1	L5 ET	Glutamatergic	#53A367	271
10x_cells_v2_TGCGGGTAGGCCCTTG-1L8TX_171026_01_F03	63	8274	L5 ET_1	L5 ET	Glutamatergic	#53A367	271
10x_cells_v2_TGTTCCGAGTGCCAGA-1L8TX_171026_01_F03	63	8601	L5 ET_1	L5 ET	Glutamatergic	#53A367	271
10x_cells_v2_TTCCCAGAGGGCTCTC-1L8TX_171026_01_F03	63	8722	L5 ET_1	L5 ET	Glutamatergic	#53A367	271
10x_cells_v2_TTGAACGCACGGCCAT-1L8TX_171026_01_F03	63	8844	L5 ET_1	L5 ET	Glutamatergic	#53A367	271
10x_cells_v2_AAAGCAATCGATCCCT-2L8TX_171026_01_G03	63	9169	L5 ET_1	L5 ET	Glutamatergic	#53A367	271
10x_cells_v2_ACCCACTCATCCGTGG-2L8TX_171026_01_G03	63	9718	L5 ET_1	L5 ET	Glutamatergic	#53A367	271
10x_cells_v2_ACGCCAGAGTATTGGA-2L8TX_171026_01_G03	63	9857	L5 ET_1	L5 ET	Glutamatergic	#53A367	271
10x_cells_v2_AGGTCCGAGTTAGCGG-2L8TX_171026_01_G03	63	10494	L5 ET_1	L5 ET	Glutamatergic	#53A367	271
10x_cells_v2_CAGCTAAGTGCGCTTG-2L8TX_171026_01_G03	63	11369	L5 ET_1	L5 ET	Glutamatergic	#53A367	271
10x_cells_v2_CATATTCAGCACAGGT-2L8TX_171026_01_G03	63	11474	L5 ET_1	L5 ET	Glutamatergic	#53A367	271
10x_cells_v2_CCTTACGTCATCGGAT-2L8TX_171026_01_G03	63	12062	L5 ET_1	L5 ET	Glutamatergic	#53A367	271
10x_cells_v2_CTCTACGGTGCACGAA-2L8TX_171026_01_G03	63	13131	L5 ET_1	L5 ET	Glutamatergic	#53A367	271
10x_cells_v2_GACACGCGTGTAACGG-2L8TX_171026_01_G03	63	13581	L5 ET_1	L5 ET	Glutamatergic	#53A367	271
10x_cells_v2_GGACGTCAGTGGGTTG-2L8TX_171026_01_G03	63	14543	L5 ET_1	L5 ET	Glutamatergic	#53A367	271
10x_cells_v2_GGCAATTTCGGAAACG-2L8TX_171026_01_G03	63	14625	L5 ET_1	L5 ET	Glutamatergic	#53A367	271
10x_cells_v2_GTACTTTCAACGATGG-2L8TX_171026_01_G03	63	14976	L5 ET_1	L5 ET	Glutamatergic	#53A367	271
10x_cells_v2_TCAGCTCAGGGTGTGT-2L8TX_171026_01_G03	63	16011	L5 ET_1	L5 ET	Glutamatergic	#53A367	271
10x_cells_v2_TGGCTGGGTATGAATG-2L8TX_171026_01_G03	63	16719	L5 ET_1	L5 ET	Glutamatergic	#53A367	271
10x_cells_v2_AAAGTAGGTCTCACCT-3L8TX_171026_01_B04	63	17407	L5 ET_1	L5 ET	Glutamatergic	#53A367	271
10x_cells_v2_ACCGTAACACGACGAA-3L8TX_171026_01_B04	63	17919	L5 ET_1	L5 ET	Glutamatergic	#53A367	271
10x_cells_v2_ACGCCAGGTGCTCTTC-3L8TX_171026_01_B04	63	18050	L5 ET_1	L5 ET	Glutamatergic	#53A367	271
10x_cells_v2_AGCTCTCCATACTACG-3L8TX_171026_01_B04	63	18544	L5 ET_1	L5 ET	Glutamatergic	#53A367	271
10x_cells_v2_AGTTGGTAGTGCAAGC-3L8TX_171026_01_B04	63	18791	L5 ET_1	L5 ET	Glutamatergic	#53A367	271
10x_cells_v2_CAAGATCCAGAGCCAA-3L8TX_171026_01_B04	63	19260	L5 ET_1	L5 ET	Glutamatergic	#53A367	271
10x_cells_v2_CACTCCAGTTCTCATT-3L8TX_171026_01_B04	63	19481	L5 ET_1	L5 ET	Glutamatergic	#53A367	271
10x_cells_v2_CAGCCGAGTGTTTGGT-3L8TX_171026_01_B04	63	19575	L5 ET_1	L5 ET	Glutamatergic	#53A367	271
10x_cells_v2_CCCAGTTCAAGTCTGT-3L8TX_171026_01_B04	63	20051	L5 ET_1	L5 ET	Glutamatergic	#53A367	271
10x_cells_v2_CGATTGAGTCGCCATG-3L8TX_171026_01_B04	63	20574	L5 ET_1	L5 ET	Glutamatergic	#53A367	271
10x_cells_v2_CGGGTCAGTAACGTTC-3L8TX_171026_01_B04	63	20799	L5 ET_1	L5 ET	Glutamatergic	#53A367	271
10x_cells_v2_CTAATGGAGTACGACG-3L8TX_171026_01_B04	63	21079	L5 ET_1	L5 ET	Glutamatergic	#53A367	271
10x_cells_v2_CTGATCCAGTATGACA-3L8TX_171026_01_B04	63	21462	L5 ET_1	L5 ET	Glutamatergic	#53A367	271
10x_cells_v2_GATTCAGAGTAGATGT-3L8TX_171026_01_B04	63	22201	L5 ET_1	L5 ET	Glutamatergic	#53A367	271
10x_cells_v2_GCAGTTATCCGCTGTT-3L8TX_171026_01_B04	63	22311	L5 ET_1	L5 ET	Glutamatergic	#53A367	271
10x_cells_v2_GCTGCGATCCACGCAG-3L8TX_171026_01_B04	63	22604	L5 ET_1	L5 ET	Glutamatergic	#53A367	271
10x_cells_v2_GGCTGGTCACTTAACG-3L8TX_171026_01_B04	63	22933	L5 ET_1	L5 ET	Glutamatergic	#53A367	271
10x_cells_v2_GTGCATAGTCTGCCAG-3L8TX_171026_01_B04	63	23518	L5 ET_1	L5 ET	Glutamatergic	#53A367	271
10x_cells_v2_TAAGAGATCTTACCTA-3L8TX_171026_01_B04	63	23778	L5 ET_1	L5 ET	Glutamatergic	#53A367	271
10x_cells_v2_TGACAACCAGTAAGCG-3L8TX_171026_01_B04	63	24709	L5 ET_1	L5 ET	Glutamatergic	#53A367	271
10x_cells_v2_AAAGCAACACGTCAGC-4L8TX_171026_01_F04	63	25758	L5 ET_1	L5 ET	Glutamatergic	#53A367	271
10x_cells_v2_ACGCCGACAAACTGCT-4L8TX_171026_01_F04	63	26483	L5 ET_1	L5 ET	Glutamatergic	#53A367	271
10x_cells_v2_CATCCACAGCTAGTTC-4L8TX_171026_01_F04	63	28309	L5 ET_1	L5 ET	Glutamatergic	#53A367	271
10x_cells_v2_CCCAATCCACCACGTG-4L8TX_171026_01_F04	63	28600	L5 ET_1	L5 ET	Glutamatergic	#53A367	271
10x_cells_v2_GCATGATAGTGATCGG-4L8TX_171026_01_F04	63	30989	L5 ET_1	L5 ET	Glutamatergic	#53A367	271
10x_cells_v2_GCGGGTTCACATCTTT-4L8TX_171026_01_F04	63	31195	L5 ET_1	L5 ET	Glutamatergic	#53A367	271
10x_cells_v2_GGGAGATCACCAGCAC-4L8TX_171026_01_F04	63	31672	L5 ET_1	L5 ET	Glutamatergic	#53A367	271
10x_cells_v2_GTCACAACATCGGAAG-4L8TX_171026_01_F04	63	32065	L5 ET_1	L5 ET	Glutamatergic	#53A367	271
10x_cells_v2_TAAACCGCAATCGGTT-4L8TX_171026_01_F04	63	32469	L5 ET_1	L5 ET	Glutamatergic	#53A367	271
10x_cells_v2_TACCTATAGCTGATAA-4L8TX_171026_01_F04	63	32567	L5 ET_1	L5 ET	Glutamatergic	#53A367	271
10x_cells_v2_TCTCTAAAGAAACGAG-4L8TX_171026_01_F04	63	33320	L5 ET_1	L5 ET	Glutamatergic	#53A367	271
10x_cells_v2_TGGCTGGTCAGTCCCT-4L8TX_171026_01_F04	63	33811	L5 ET_1	L5 ET	Glutamatergic	#53A367	271
10x_cells_v2_ACCCACTAGCTCAACT-5L8TX_171026_01_G04	63	35061	L5 ET_1	L5 ET	Glutamatergic	#53A367	271
10x_cells_v2_ACGGCCACACAAGTAA-5L8TX_171026_01_G04	63	35225	L5 ET_1	L5 ET	Glutamatergic	#53A367	271
10x_cells_v2_AGAGCTTCAGTTCATG-5L8TX_171026_01_G04	63	35486	L5 ET_1	L5 ET	Glutamatergic	#53A367	271
10x_cells_v2_CAGATCAAGAGCTGGT-5L8TX_171026_01_G04	63	36621	L5 ET_1	L5 ET	Glutamatergic	#53A367	271
10x_cells_v2_GGCTGGTTCAAAGACA-5L8TX_171026_01_G04	63	39933	L5 ET_1	L5 ET	Glutamatergic	#53A367	271
10x_cells_v2_GTCAAGTAGACCTTTG-5L8TX_171026_01_G04	63	40283	L5 ET_1	L5 ET	Glutamatergic	#53A367	271
10x_cells_v2_AAGTCTGCATCCTTGC-6L8TX_171026_01_B05	63	42753	L5 ET_1	L5 ET	Glutamatergic	#53A367	271
10x_cells_v2_ATGAGGGAGCGTTGCC-6L8TX_171026_01_B05	63	43617	L5 ET_1	L5 ET	Glutamatergic	#53A367	271
10x_cells_v2_CAAGAAATCTCCAGGG-6L8TX_171026_01_B05	63	43772	L5 ET_1	L5 ET	Glutamatergic	#53A367	271
10x_cells_v2_CCTTACGAGCACAGGT-6L8TX_171026_01_B05	63	44491	L5 ET_1	L5 ET	Glutamatergic	#53A367	271
10x_cells_v2_CGAATGTCAAGCGAGT-6L8TX_171026_01_B05	63	44550	L5 ET_1	L5 ET	Glutamatergic	#53A367	271
10x_cells_v2_CGAGAAGGTAGAAGGA-6L8TX_171026_01_B05	63	44585	L5 ET_1	L5 ET	Glutamatergic	#53A367	271
10x_cells_v2_CTCGTCATCACAGTAC-6L8TX_171026_01_B05	63	45212	L5 ET_1	L5 ET	Glutamatergic	#53A367	271
10x_cells_v2_GACGTGCAGGCTACGA-6L8TX_171026_01_B05	63	45584	L5 ET_1	L5 ET	Glutamatergic	#53A367	271
10x_cells_v2_ACTATCTCAAAGCAAT-7L8TX_171026_01_H04	63	48507	L5 ET_1	L5 ET	Glutamatergic	#53A367	271
10x_cells_v2_ACTGTCCGTAGGGACT-7L8TX_171026_01_H04	63	48572	L5 ET_1	L5 ET	Glutamatergic	#53A367	271
10x_cells_v2_ATAACGCGTAGATTAG-7L8TX_171026_01_H04	63	48975	L5 ET_1	L5 ET	Glutamatergic	#53A367	271
10x_cells_v2_CTGCTGTGTTACCGAT-7L8TX_171026_01_H04	63	51071	L5 ET_1	L5 ET	Glutamatergic	#53A367	271
10x_cells_v2_GATCGCGAGTTCGCAT-7L8TX_171026_01_H04	63	51507	L5 ET_1	L5 ET	Glutamatergic	#53A367	271
10x_cells_v2_GTTAAGCCACCAGCAC-7L8TX_171026_01_H04	63	52635	L5 ET_1	L5 ET	Glutamatergic	#53A367	271
10x_cells_v2_TTAGTTCCATCAGTAC-7L8TX_171026_01_H04	63	53840	L5 ET_1	L5 ET	Glutamatergic	#53A367	271
10x_cells_v2_TTGCCGTGTGGTGTAG-7L8TX_171026_01_H04	63	53969	L5 ET_1	L5 ET	Glutamatergic	#53A367	271
10x_cells_v2_AATCGGTTCTACCTGC-8L8TX_171026_01_A05	63	54434	L5 ET_1	L5 ET	Glutamatergic	#53A367	271
10x_cells_v2_CAAGATCCAAGTCATC-8L8TX_171026_01_A05	63	55831	L5 ET_1	L5 ET	Glutamatergic	#53A367	271
10x_cells_v2_CACCACTCATATACCG-8L8TX_171026_01_A05	63	56007	L5 ET_1	L5 ET	Glutamatergic	#53A367	271
10x_cells_v2_CCTTACGAGTGACTCT-8L8TX_171026_01_A05	63	56817	L5 ET_1	L5 ET	Glutamatergic	#53A367	271
10x_cells_v2_CGAGCCATCCCTAACC-8L8TX_171026_01_A05	63	56982	L5 ET_1	L5 ET	Glutamatergic	#53A367	271
10x_cells_v2_CTCGGAGTCAAGAAGT-8L8TX_171026_01_A05	63	57751	L5 ET_1	L5 ET	Glutamatergic	#53A367	271
10x_cells_v2_CTCTACGCAGACACTT-8L8TX_171026_01_A05	63	57826	L5 ET_1	L5 ET	Glutamatergic	#53A367	271
10x_cells_v2_CTGATAGCAGATGGCA-8L8TX_171026_01_A05	63	57882	L5 ET_1	L5 ET	Glutamatergic	#53A367	271
10x_cells_v2_CTGATAGGTAATAGCA-8L8TX_171026_01_A05	63	57885	L5 ET_1	L5 ET	Glutamatergic	#53A367	271
10x_cells_v2_CTGTTTAAGGAATGGA-8L8TX_171026_01_A05	63	57992	L5 ET_1	L5 ET	Glutamatergic	#53A367	271
10x_cells_v2_GGAACTTCAACTGCGC-8L8TX_171026_01_A05	63	58977	L5 ET_1	L5 ET	Glutamatergic	#53A367	271
10x_cells_v2_GGCGACTTCGCTAGCG-8L8TX_171026_01_A05	63	59168	L5 ET_1	L5 ET	Glutamatergic	#53A367	271
10x_cells_v2_GGGCATCTCACGAAGG-8L8TX_171026_01_A05	63	59319	L5 ET_1	L5 ET	Glutamatergic	#53A367	271
10x_cells_v2_TACGGGCGTGAGTATA-8L8TX_171026_01_A05	63	60081	L5 ET_1	L5 ET	Glutamatergic	#53A367	271
10x_cells_v2_TACTTACTCACGACTA-8L8TX_171026_01_A05	63	60146	L5 ET_1	L5 ET	Glutamatergic	#53A367	271
10x_cells_v2_TAGTGGTGTATCACCA-8L8TX_171026_01_A05	63	60240	L5 ET_1	L5 ET	Glutamatergic	#53A367	271
10x_cells_v2_TCACGAAAGGGTCGAT-8L8TX_171026_01_A05	63	60377	L5 ET_1	L5 ET	Glutamatergic	#53A367	271
10x_cells_v2_TGGCCAGGTTCCATGA-8L8TX_171026_01_A05	63	61037	L5 ET_1	L5 ET	Glutamatergic	#53A367	271
10x_cells_v2_AGACGTTCACCTATCC-9L8TX_171026_01_H03	63	62831	L5 ET_1	L5 ET	Glutamatergic	#53A367	271
10x_cells_v2_CTGAAGTTCTGCGGCA-9L8TX_171026_01_H03	63	66675	L5 ET_1	L5 ET	Glutamatergic	#53A367	271
10x_cells_v2_GCATGATAGCAGGTCA-9L8TX_171026_01_H03	63	67756	L5 ET_1	L5 ET	Glutamatergic	#53A367	271
10x_cells_v2_TACTCATGTCAGAAGC-9L8TX_171026_01_H03	63	69656	L5 ET_1	L5 ET	Glutamatergic	#53A367	271
10x_cells_v2_TAGGCATCATAAGACA-9L8TX_171026_01_H03	63	69791	L5 ET_1	L5 ET	Glutamatergic	#53A367	271
10x_cells_v2_TATCAGGTCGTCGTTC-9L8TX_171026_01_H03	63	69863	L5 ET_1	L5 ET	Glutamatergic	#53A367	271
10x_cells_v2_AGACGTTAGGTCGGAT-10L8TX_171026_01_A04	63	72554	L5 ET_1	L5 ET	Glutamatergic	#53A367	271
10x_cells_v2_AGGCCGTGTCCATCCT-10L8TX_171026_01_A04	63	72797	L5 ET_1	L5 ET	Glutamatergic	#53A367	271
10x_cells_v2_CACATAGGTAAAGTCA-10L8TX_171026_01_A04	63	73534	L5 ET_1	L5 ET	Glutamatergic	#53A367	271
10x_cells_v2_CATCCACGTCTTCTCG-10L8TX_171026_01_A04	63	73900	L5 ET_1	L5 ET	Glutamatergic	#53A367	271
10x_cells_v2_CGAATGTAGCGTTCCG-10L8TX_171026_01_A04	63	74489	L5 ET_1	L5 ET	Glutamatergic	#53A367	271
10x_cells_v2_CGAGAAGTCTATGTGG-10L8TX_171026_01_A04	63	74543	L5 ET_1	L5 ET	Glutamatergic	#53A367	271
10x_cells_v2_CGTGTCTCAAACGCGA-10L8TX_171026_01_A04	63	74990	L5 ET_1	L5 ET	Glutamatergic	#53A367	271
10x_cells_v2_CGTGTCTGTGAGCGAT-10L8TX_171026_01_A04	63	74997	L5 ET_1	L5 ET	Glutamatergic	#53A367	271
10x_cells_v2_GCATGATAGACTAAGT-10L8TX_171026_01_A04	63	76259	L5 ET_1	L5 ET	Glutamatergic	#53A367	271
10x_cells_v2_GCTGCGAAGTGGAGTC-10L8TX_171026_01_A04	63	76481	L5 ET_1	L5 ET	Glutamatergic	#53A367	271
10x_cells_v2_GGATGTTAGCGATAGC-10L8TX_171026_01_A04	63	76676	L5 ET_1	L5 ET	Glutamatergic	#53A367	271
10x_cells_v2_GTTAAGCCAAGAAAGG-10L8TX_171026_01_A04	63	77346	L5 ET_1	L5 ET	Glutamatergic	#53A367	271
10x_cells_v2_TGCTGCTCAGACTCGC-10L8TX_171026_01_A04	63	78515	L5 ET_1	L5 ET	Glutamatergic	#53A367	271
10x_cells_v2_TGGTTAGTCAGCGATT-10L8TX_171026_01_A04	63	78627	L5 ET_1	L5 ET	Glutamatergic	#53A367	271
10x_cells_v2_AACGTTGAGAGGTAGA-11L8TX_171026_01_C05	63	79265	L5 ET_1	L5 ET	Glutamatergic	#53A367	271
10x_cells_v2_AAGGTTCCAAGCTGTT-11L8TX_171026_01_C05	63	79411	L5 ET_1	L5 ET	Glutamatergic	#53A367	271
10x_cells_v2_AGCGTATCAGTAACGG-11L8TX_171026_01_C05	63	80193	L5 ET_1	L5 ET	Glutamatergic	#53A367	271
10x_cells_v2_AGCTCCTGTGCGAAAC-11L8TX_171026_01_C05	63	80239	L5 ET_1	L5 ET	Glutamatergic	#53A367	271
10x_cells_v2_CACCAGGAGTGTGGCA-11L8TX_171026_01_C05	63	81029	L5 ET_1	L5 ET	Glutamatergic	#53A367	271
10x_cells_v2_CCAGCGATCTCAAACG-11L8TX_171026_01_C05	63	81538	L5 ET_1	L5 ET	Glutamatergic	#53A367	271
10x_cells_v2_CGCTGGAGTTCCACAA-11L8TX_171026_01_C05	63	82147	L5 ET_1	L5 ET	Glutamatergic	#53A367	271
10x_cells_v2_GAACGGACATCGTCGG-11L8TX_171026_01_C05	63	83119	L5 ET_1	L5 ET	Glutamatergic	#53A367	271
10x_cells_v2_GACGTTATCCGTAGGC-11L8TX_171026_01_C05	63	83305	L5 ET_1	L5 ET	Glutamatergic	#53A367	271
10x_cells_v2_GATCAGTAGGTTACCT-11L8TX_171026_01_C05	63	83407	L5 ET_1	L5 ET	Glutamatergic	#53A367	271
10x_cells_v2_GATGAAAAGTGCCAGA-11L8TX_171026_01_C05	63	83484	L5 ET_1	L5 ET	Glutamatergic	#53A367	271
10x_cells_v2_GCGCAGTAGCAGGTCA-11L8TX_171026_01_C05	63	83787	L5 ET_1	L5 ET	Glutamatergic	#53A367	271
10x_cells_v2_GGCCGATCATATGCTG-11L8TX_171026_01_C05	63	84139	L5 ET_1	L5 ET	Glutamatergic	#53A367	271
10x_cells_v2_GGCCGATGTTGGTGGA-11L8TX_171026_01_C05	63	84148	L5 ET_1	L5 ET	Glutamatergic	#53A367	271
10x_cells_v2_GTCATTTAGTGTGGCA-11L8TX_171026_01_C05	63	84611	L5 ET_1	L5 ET	Glutamatergic	#53A367	271
10x_cells_v2_GTCCTCAAGGGCACTA-11L8TX_171026_01_C05	63	84629	L5 ET_1	L5 ET	Glutamatergic	#53A367	271
10x_cells_v2_TGAGAGGGTGTTTGTG-11L8TX_171026_01_C05	63	85852	L5 ET_1	L5 ET	Glutamatergic	#53A367	271
10x_cells_v2_TTAGGACCACCATGTA-11L8TX_171026_01_C05	63	86309	L5 ET_1	L5 ET	Glutamatergic	#53A367	271
10x_cells_v2_TTGGCAAAGCTCCTTC-11L8TX_171026_01_C05	63	86557	L5 ET_1	L5 ET	Glutamatergic	#53A367	271
10x_cells_v2_TTTCCTCCATGCTGGC-11L8TX_171026_01_C05	63	86637	L5 ET_1	L5 ET	Glutamatergic	#53A367	271
10x_cells_v2_AACTCAGAGCGGATCA-12L8TX_171026_01_D05	63	86795	L5 ET_1	L5 ET	Glutamatergic	#53A367	271
10x_cells_v2_AACTGGTGTACAGACG-12L8TX_171026_01_D05	63	86847	L5 ET_1	L5 ET	Glutamatergic	#53A367	271
10x_cells_v2_ACTGATGAGACTCGGA-12L8TX_171026_01_D05	63	87254	L5 ET_1	L5 ET	Glutamatergic	#53A367	271
10x_cells_v2_AGGCCGTGTACGACCC-12L8TX_171026_01_D05	63	87505	L5 ET_1	L5 ET	Glutamatergic	#53A367	271
10x_cells_v2_CCTCTGATCTCTGCTG-12L8TX_171026_01_D05	63	88625	L5 ET_1	L5 ET	Glutamatergic	#53A367	271
10x_cells_v2_CGCGGTATCATCTGCC-12L8TX_171026_01_D05	63	88781	L5 ET_1	L5 ET	Glutamatergic	#53A367	271
10x_cells_v2_CGGACTGGTTGTCTTT-12L8TX_171026_01_D05	63	88866	L5 ET_1	L5 ET	Glutamatergic	#53A367	271
10x_cells_v2_CGTCCATAGCATGGCA-12L8TX_171026_01_D05	63	88977	L5 ET_1	L5 ET	Glutamatergic	#53A367	271
10x_cells_v2_CGTGTAATCTTACCTA-12L8TX_171026_01_D05	63	89036	L5 ET_1	L5 ET	Glutamatergic	#53A367	271
10x_cells_v2_CTACATTTCCCAGGTG-12L8TX_171026_01_D05	63	89137	L5 ET_1	L5 ET	Glutamatergic	#53A367	271
10x_cells_v2_CTCAGAAAGACGCAAC-12L8TX_171026_01_D05	63	89203	L5 ET_1	L5 ET	Glutamatergic	#53A367	271
10x_cells_v2_CTGGTCTCATGGTCTA-12L8TX_171026_01_D05	63	89427	L5 ET_1	L5 ET	Glutamatergic	#53A367	271
10x_cells_v2_CTTTGCGTCTTGCATT-12L8TX_171026_01_D05	63	89515	L5 ET_1	L5 ET	Glutamatergic	#53A367	271
10x_cells_v2_GCTTCCACAAGAAAGG-12L8TX_171026_01_D05	63	90188	L5 ET_1	L5 ET	Glutamatergic	#53A367	271
10x_cells_v2_GGTGAAGCATAGGATA-12L8TX_171026_01_D05	63	90493	L5 ET_1	L5 ET	Glutamatergic	#53A367	271
10x_cells_v2_GTATTCTCAAGAGGCT-12L8TX_171026_01_D05	63	90629	L5 ET_1	L5 ET	Glutamatergic	#53A367	271
10x_cells_v2_TGAGGGAAGACACGAC-12L8TX_171026_01_D05	63	91569	L5 ET_1	L5 ET	Glutamatergic	#53A367	271
10x_cells_v2_TGGACGCAGGCCGAAT-12L8TX_171026_01_D05	63	91683	L5 ET_1	L5 ET	Glutamatergic	#53A367	271
10x_cells_v2_TTAGGCACAACACCCG-12L8TX_171026_01_D05	63	91825	L5 ET_1	L5 ET	Glutamatergic	#53A367	271
10x_cells_v2_AAGTCTGGTTTACTCT-13L8TX_171026_01_E05	63	92478	L5 ET_1	L5 ET	Glutamatergic	#53A367	271
10x_cells_v2_ACACCAAAGGCGACAT-13L8TX_171026_01_E05	63	92532	L5 ET_1	L5 ET	Glutamatergic	#53A367	271
10x_cells_v2_ACACCAAGTCGCCATG-13L8TX_171026_01_E05	63	92542	L5 ET_1	L5 ET	Glutamatergic	#53A367	271
10x_cells_v2_ACACCAAGTGTTTGGT-13L8TX_171026_01_E05	63	92545	L5 ET_1	L5 ET	Glutamatergic	#53A367	271
10x_cells_v2_ACCGTAAGTTAAGACA-13L8TX_171026_01_E05	63	92749	L5 ET_1	L5 ET	Glutamatergic	#53A367	271
10x_cells_v2_ACCTTTAGTCTCAACA-13L8TX_171026_01_E05	63	92767	L5 ET_1	L5 ET	Glutamatergic	#53A367	271
10x_cells_v2_ACGCCAGTCCAAGCCG-13L8TX_171026_01_E05	63	92889	L5 ET_1	L5 ET	Glutamatergic	#53A367	271
10x_cells_v2_AGAGCTTAGGTACTCT-13L8TX_171026_01_E05	63	93223	L5 ET_1	L5 ET	Glutamatergic	#53A367	271
10x_cells_v2_AGAGCTTTCTTAGCCC-13L8TX_171026_01_E05	63	93248	L5 ET_1	L5 ET	Glutamatergic	#53A367	271
10x_cells_v2_AGCAGCCGTACAGACG-13L8TX_171026_01_E05	63	93319	L5 ET_1	L5 ET	Glutamatergic	#53A367	271
10x_cells_v2_AGGCCGTGTGGCCCTA-13L8TX_171026_01_E05	63	93523	L5 ET_1	L5 ET	Glutamatergic	#53A367	271
10x_cells_v2_AGTGTCACACGTGAGA-13L8TX_171026_01_E05	63	93706	L5 ET_1	L5 ET	Glutamatergic	#53A367	271
10x_cells_v2_ATGAGGGTCCACTGGG-13L8TX_171026_01_E05	63	93971	L5 ET_1	L5 ET	Glutamatergic	#53A367	271
10x_cells_v2_CACCACTAGCGATCCC-13L8TX_171026_01_E05	63	94426	L5 ET_1	L5 ET	Glutamatergic	#53A367	271
10x_cells_v2_CAGAGAGCAGCGTAAG-13L8TX_171026_01_E05	63	94522	L5 ET_1	L5 ET	Glutamatergic	#53A367	271
10x_cells_v2_CAGGTGCTCCGTACAA-13L8TX_171026_01_E05	63	94676	L5 ET_1	L5 ET	Glutamatergic	#53A367	271
10x_cells_v2_CATATTCCACCGAAAG-13L8TX_171026_01_E05	63	94743	L5 ET_1	L5 ET	Glutamatergic	#53A367	271
10x_cells_v2_CATCAGAGTACCGAGA-13L8TX_171026_01_E05	63	94787	L5 ET_1	L5 ET	Glutamatergic	#53A367	271
10x_cells_v2_CATCGAACATGCCTAA-13L8TX_171026_01_E05	63	94826	L5 ET_1	L5 ET	Glutamatergic	#53A367	271
10x_cells_v2_CCACCTATCACTTACT-13L8TX_171026_01_E05	63	94985	L5 ET_1	L5 ET	Glutamatergic	#53A367	271
10x_cells_v2_CGGTTAAAGCTAGGCA-13L8TX_171026_01_E05	63	95895	L5 ET_1	L5 ET	Glutamatergic	#53A367	271
10x_cells_v2_CGTGTCTCAATGTAAG-13L8TX_171026_01_E05	63	96058	L5 ET_1	L5 ET	Glutamatergic	#53A367	271
10x_cells_v2_CTAACTTCAGACAGGT-13L8TX_171026_01_E05	63	96153	L5 ET_1	L5 ET	Glutamatergic	#53A367	271
10x_cells_v2_CTCGGAGGTATGGTTC-13L8TX_171026_01_E05	63	96497	L5 ET_1	L5 ET	Glutamatergic	#53A367	271
10x_cells_v2_CTCGGGATCAAGAAGT-13L8TX_171026_01_E05	63	96523	L5 ET_1	L5 ET	Glutamatergic	#53A367	271
10x_cells_v2_CTCTACGCAATCAGAA-13L8TX_171026_01_E05	63	96582	L5 ET_1	L5 ET	Glutamatergic	#53A367	271
10x_cells_v2_CTGATCCGTGGCAAAC-13L8TX_171026_01_E05	63	96677	L5 ET_1	L5 ET	Glutamatergic	#53A367	271
10x_cells_v2_CTTAGGAAGAACAACT-13L8TX_171026_01_E05	63	96836	L5 ET_1	L5 ET	Glutamatergic	#53A367	271
10x_cells_v2_GAACATCGTTCATGGT-13L8TX_171026_01_E05	63	96969	L5 ET_1	L5 ET	Glutamatergic	#53A367	271
10x_cells_v2_GAAGCAGTCCACGACG-13L8TX_171026_01_E05	63	97027	L5 ET_1	L5 ET	Glutamatergic	#53A367	271
10x_cells_v2_GCACTCTGTCCAAGTT-13L8TX_171026_01_E05	63	97606	L5 ET_1	L5 ET	Glutamatergic	#53A367	271
10x_cells_v2_GCATGTAAGCATGGCA-13L8TX_171026_01_E05	63	97703	L5 ET_1	L5 ET	Glutamatergic	#53A367	271
10x_cells_v2_GCATGTATCTATCGCC-13L8TX_171026_01_E05	63	97725	L5 ET_1	L5 ET	Glutamatergic	#53A367	271
10x_cells_v2_GCTTGAATCAGCGACC-13L8TX_171026_01_E05	63	98059	L5 ET_1	L5 ET	Glutamatergic	#53A367	271
10x_cells_v2_GTCATTTCAAGCGCTC-13L8TX_171026_01_E05	63	98826	L5 ET_1	L5 ET	Glutamatergic	#53A367	271
10x_cells_v2_GTCGGGTTCATGTGGT-13L8TX_171026_01_E05	63	98877	L5 ET_1	L5 ET	Glutamatergic	#53A367	271
10x_cells_v2_GTTCGGGGTTCAGTAC-13L8TX_171026_01_E05	63	99125	L5 ET_1	L5 ET	Glutamatergic	#53A367	271
10x_cells_v2_TAAACCGCATCCTAGA-13L8TX_171026_01_E05	63	99171	L5 ET_1	L5 ET	Glutamatergic	#53A367	271
10x_cells_v2_TACACGAGTACGCTGC-13L8TX_171026_01_E05	63	99248	L5 ET_1	L5 ET	Glutamatergic	#53A367	271
10x_cells_v2_TACTCGCCAGACAAGC-13L8TX_171026_01_E05	63	99404	L5 ET_1	L5 ET	Glutamatergic	#53A367	271
10x_cells_v2_TGCCAAATCAGCTCGG-13L8TX_171026_01_E05	63	100363	L5 ET_1	L5 ET	Glutamatergic	#53A367	271
10x_cells_v2_TGCTACCGTCGGCATC-13L8TX_171026_01_E05	63	100461	L5 ET_1	L5 ET	Glutamatergic	#53A367	271
10x_cells_v2_TGGACGCTCCATGAAC-13L8TX_171026_01_E05	63	100523	L5 ET_1	L5 ET	Glutamatergic	#53A367	271
10x_cells_v2_TGGGAAGAGTATTGGA-13L8TX_171026_01_E05	63	100599	L5 ET_1	L5 ET	Glutamatergic	#53A367	271
10x_cells_v2_TGTGGTATCTCAAACG-13L8TX_171026_01_E05	63	100742	L5 ET_1	L5 ET	Glutamatergic	#53A367	271
10x_cells_v2_TTAACTCAGTTATCGC-13L8TX_171026_01_E05	63	100791	L5 ET_1	L5 ET	Glutamatergic	#53A367	271
10x_cells_v2_TTCCCAGAGACGCAAC-13L8TX_171026_01_E05	63	100888	L5 ET_1	L5 ET	Glutamatergic	#53A367	271
10x_cells_v2_AACCGCGTCACTTATC-14L8TX_171026_01_F05	63	101470	L5 ET_1	L5 ET	Glutamatergic	#53A367	271
10x_cells_v2_ACCGTAACACACGCTG-14L8TX_171026_01_F05	63	101899	L5 ET_1	L5 ET	Glutamatergic	#53A367	271
10x_cells_v2_ATTGGTGGTGCGATAG-14L8TX_171026_01_F05	63	103213	L5 ET_1	L5 ET	Glutamatergic	#53A367	271
10x_cells_v2_CAACCAATCGAGGTAG-14L8TX_171026_01_F05	63	103254	L5 ET_1	L5 ET	Glutamatergic	#53A367	271
10x_cells_v2_CATGCCTGTTGCGCAC-14L8TX_171026_01_F05	63	103894	L5 ET_1	L5 ET	Glutamatergic	#53A367	271
10x_cells_v2_CGACCTTTCTGCTGCT-14L8TX_171026_01_F05	63	104484	L5 ET_1	L5 ET	Glutamatergic	#53A367	271
10x_cells_v2_CGGAGCTTCCCTAACC-14L8TX_171026_01_F05	63	104802	L5 ET_1	L5 ET	Glutamatergic	#53A367	271
10x_cells_v2_CGTCACTCATTAGGCT-14L8TX_171026_01_F05	63	104932	L5 ET_1	L5 ET	Glutamatergic	#53A367	271
10x_cells_v2_CGTTGGGAGATATACG-14L8TX_171026_01_F05	63	105065	L5 ET_1	L5 ET	Glutamatergic	#53A367	271
10x_cells_v2_CTAGTGATCCATGAAC-14L8TX_171026_01_F05	63	105285	L5 ET_1	L5 ET	Glutamatergic	#53A367	271
10x_cells_v2_CTGAAGTAGACTAGAT-14L8TX_171026_01_F05	63	105527	L5 ET_1	L5 ET	Glutamatergic	#53A367	271
10x_cells_v2_GAAACTCTCGACCAGC-14L8TX_171026_01_F05	63	105822	L5 ET_1	L5 ET	Glutamatergic	#53A367	271
10x_cells_v2_GACGGCTGTGTCGCTG-14L8TX_171026_01_F05	63	106033	L5 ET_1	L5 ET	Glutamatergic	#53A367	271
10x_cells_v2_GAGTCCGGTGATAAAC-14L8TX_171026_01_F05	63	106174	L5 ET_1	L5 ET	Glutamatergic	#53A367	271
10x_cells_v2_GATCAGTAGCGCTTAT-14L8TX_171026_01_F05	63	106180	L5 ET_1	L5 ET	Glutamatergic	#53A367	271
10x_cells_v2_GCATGTATCCCTAATT-14L8TX_171026_01_F05	63	106499	L5 ET_1	L5 ET	Glutamatergic	#53A367	271
10x_cells_v2_GCCAAATAGATGCCAG-14L8TX_171026_01_F05	63	106507	L5 ET_1	L5 ET	Glutamatergic	#53A367	271
10x_cells_v2_GGGTCTGGTCCATGAT-14L8TX_171026_01_F05	63	107225	L5 ET_1	L5 ET	Glutamatergic	#53A367	271
10x_cells_v2_GGGTCTGTCCCTCAGT-14L8TX_171026_01_F05	63	107234	L5 ET_1	L5 ET	Glutamatergic	#53A367	271
10x_cells_v2_GGTATTGGTACATCCA-14L8TX_171026_01_F05	63	107260	L5 ET_1	L5 ET	Glutamatergic	#53A367	271
10x_cells_v2_GTGAAGGAGTCGCCGT-14L8TX_171026_01_F05	63	107668	L5 ET_1	L5 ET	Glutamatergic	#53A367	271
10x_cells_v2_GTGGGTCTCCAGTATG-14L8TX_171026_01_F05	63	107759	L5 ET_1	L5 ET	Glutamatergic	#53A367	271
10x_cells_v2_TAGAGCTCACTAGTAC-14L8TX_171026_01_F05	63	108197	L5 ET_1	L5 ET	Glutamatergic	#53A367	271
10x_cells_v2_TCAATCTTCGACCAGC-14L8TX_171026_01_F05	63	108388	L5 ET_1	L5 ET	Glutamatergic	#53A367	271
10x_cells_v2_TCACAAGAGCCTATGT-14L8TX_171026_01_F05	63	108395	L5 ET_1	L5 ET	Glutamatergic	#53A367	271
10x_cells_v2_TCAGCAACAATGCCAT-14L8TX_171026_01_F05	63	108443	L5 ET_1	L5 ET	Glutamatergic	#53A367	271
10x_cells_v2_TGGCCAGTCTTACCTA-14L8TX_171026_01_F05	63	109146	L5 ET_1	L5 ET	Glutamatergic	#53A367	271
10x_cells_v2_TGGTTCCGTGAACCTT-14L8TX_171026_01_F05	63	109240	L5 ET_1	L5 ET	Glutamatergic	#53A367	271
10x_cells_v2_TGTGTTTTCGAGAGCA-14L8TX_171026_01_F05	63	109309	L5 ET_1	L5 ET	Glutamatergic	#53A367	271
10x_cells_v2_AAACGGGCACAGCGTC-15L8TX_171026_01_G05	63	109819	L5 ET_1	L5 ET	Glutamatergic	#53A367	271
10x_cells_v2_ACTGAACAGATAGCAT-15L8TX_171026_01_G05	63	110443	L5 ET_1	L5 ET	Glutamatergic	#53A367	271
10x_cells_v2_AGCAGCCCATTACGAC-15L8TX_171026_01_G05	63	110651	L5 ET_1	L5 ET	Glutamatergic	#53A367	271
10x_cells_v2_CAGCTGGGTGAGGGTT-15L8TX_171026_01_G05	63	111582	L5 ET_1	L5 ET	Glutamatergic	#53A367	271
10x_cells_v2_CCTACCACAGACACTT-15L8TX_171026_01_G05	63	112014	L5 ET_1	L5 ET	Glutamatergic	#53A367	271
10x_cells_v2_CGGTTAACACAGCCCA-15L8TX_171026_01_G05	63	112431	L5 ET_1	L5 ET	Glutamatergic	#53A367	271
10x_cells_v2_CGTGTAATCGCCTGTT-15L8TX_171026_01_G05	63	112536	L5 ET_1	L5 ET	Glutamatergic	#53A367	271
10x_cells_v2_CTCGGGAAGCCACCTG-15L8TX_171026_01_G05	63	112796	L5 ET_1	L5 ET	Glutamatergic	#53A367	271
10x_cells_v2_GGTGAAGAGTATGACA-15L8TX_171026_01_G05	63	114138	L5 ET_1	L5 ET	Glutamatergic	#53A367	271
10x_cells_v2_GTGTTAGAGCACGCCT-15L8TX_171026_01_G05	63	114452	L5 ET_1	L5 ET	Glutamatergic	#53A367	271
10x_cells_v2_TCAGGATAGACTAGGC-15L8TX_171026_01_G05	63	114975	L5 ET_1	L5 ET	Glutamatergic	#53A367	271
10x_cells_v2_TTATGCTTCGGAGCAA-15L8TX_171026_01_G05	63	115656	L5 ET_1	L5 ET	Glutamatergic	#53A367	271
10x_cells_v2_AAACCTGAGAGTCTGG-16L8TX_171026_01_H05	63	115899	L5 ET_1	L5 ET	Glutamatergic	#53A367	271
10x_cells_v2_AAACGGGCATGGGAAC-16L8TX_171026_01_H05	63	115913	L5 ET_1	L5 ET	Glutamatergic	#53A367	271
10x_cells_v2_ACTATCTGTTCCAACA-16L8TX_171026_01_H05	63	116563	L5 ET_1	L5 ET	Glutamatergic	#53A367	271
10x_cells_v2_AGATTGCCAGCGAACA-16L8TX_171026_01_H05	63	116753	L5 ET_1	L5 ET	Glutamatergic	#53A367	271
10x_cells_v2_ATCTGCCTCCGTACAA-16L8TX_171026_01_H05	63	117230	L5 ET_1	L5 ET	Glutamatergic	#53A367	271
10x_cells_v2_CATATGGTCGCCATAA-16L8TX_171026_01_H05	63	117814	L5 ET_1	L5 ET	Glutamatergic	#53A367	271
10x_cells_v2_CCCAATCCAGTATCTG-16L8TX_171026_01_H05	63	118085	L5 ET_1	L5 ET	Glutamatergic	#53A367	271
10x_cells_v2_CCGTACTCACCTATCC-16L8TX_171026_01_H05	63	118182	L5 ET_1	L5 ET	Glutamatergic	#53A367	271
10x_cells_v2_CCTACACAGCTCCTTC-16L8TX_171026_01_H05	63	118231	L5 ET_1	L5 ET	Glutamatergic	#53A367	271
10x_cells_v2_CCTATTAGTTCGAATC-16L8TX_171026_01_H05	63	118280	L5 ET_1	L5 ET	Glutamatergic	#53A367	271
10x_cells_v2_CGAGAAGTCTACTATC-16L8TX_171026_01_H05	63	118441	L5 ET_1	L5 ET	Glutamatergic	#53A367	271
10x_cells_v2_CGGAGCTGTATTAGCC-16L8TX_171026_01_H05	63	118662	L5 ET_1	L5 ET	Glutamatergic	#53A367	271
10x_cells_v2_CGGTTAACAAAGCGGT-16L8TX_171026_01_H05	63	118713	L5 ET_1	L5 ET	Glutamatergic	#53A367	271
10x_cells_v2_GAATAAGAGATGGGTC-16L8TX_171026_01_H05	63	119507	L5 ET_1	L5 ET	Glutamatergic	#53A367	271
10x_cells_v2_GATGAAATCGCTTAGA-16L8TX_171026_01_H05	63	119794	L5 ET_1	L5 ET	Glutamatergic	#53A367	271
10x_cells_v2_GCTGCAGGTACAAGTA-16L8TX_171026_01_H05	63	120154	L5 ET_1	L5 ET	Glutamatergic	#53A367	271
10x_cells_v2_GGCGTGTGTACTTAGC-16L8TX_171026_01_H05	63	120439	L5 ET_1	L5 ET	Glutamatergic	#53A367	271
10x_cells_v2_GTTCATTTCATGGTCA-16L8TX_171026_01_H05	63	121066	L5 ET_1	L5 ET	Glutamatergic	#53A367	271
10x_cells_v2_TACGGGCTCGTATCAG-16L8TX_171026_01_H05	63	121255	L5 ET_1	L5 ET	Glutamatergic	#53A367	271
10x_cells_v2_TATGCCCCACCGGAAA-16L8TX_171026_01_H05	63	121447	L5 ET_1	L5 ET	Glutamatergic	#53A367	271
10x_cells_v2_TGCGGGTTCATCACCC-16L8TX_171026_01_H05	63	122065	L5 ET_1	L5 ET	Glutamatergic	#53A367	271
10x_cells_v2_TGGCCAGGTCATCGGC-16L8TX_171026_01_H05	63	122121	L5 ET_1	L5 ET	Glutamatergic	#53A367	271
10x_cells_v2_TTCTCCTTCTCGCTTG-16L8TX_171026_01_H05	63	122431	L5 ET_1	L5 ET	Glutamatergic	#53A367	271
10x_cells_v2_ACACCGGAGCTGAACG-1L8TX_171026_01_F03	65	478	L5 ET_3	L5 ET	Glutamatergic	#518C7F	104
10x_cells_v2_AGCGTATCACCCTATC-1L8TX_171026_01_F03	65	1272	L5 ET_3	L5 ET	Glutamatergic	#518C7F	104
10x_cells_v2_CACTCCACAAGGTGTG-1L8TX_171026_01_F03	65	2379	L5 ET_3	L5 ET	Glutamatergic	#518C7F	104
10x_cells_v2_CCTCAGTTCCGCGGTA-1L8TX_171026_01_F03	65	3275	L5 ET_3	L5 ET	Glutamatergic	#518C7F	104
10x_cells_v2_CTTCTCTAGGCTATCT-1L8TX_171026_01_F03	65	4722	L5 ET_3	L5 ET	Glutamatergic	#518C7F	104
10x_cells_v2_GACGCGTAGACGCACA-1L8TX_171026_01_F03	65	4995	L5 ET_3	L5 ET	Glutamatergic	#518C7F	104
10x_cells_v2_GATCGATGTGACGGTA-1L8TX_171026_01_F03	65	5216	L5 ET_3	L5 ET	Glutamatergic	#518C7F	104
10x_cells_v2_GCATGATGTCGCTTCT-1L8TX_171026_01_F03	65	5507	L5 ET_3	L5 ET	Glutamatergic	#518C7F	104
10x_cells_v2_GTACTCCAGCCACGTC-1L8TX_171026_01_F03	65	6428	L5 ET_3	L5 ET	Glutamatergic	#518C7F	104
10x_cells_v2_TATTACCAGTTGTAGA-1L8TX_171026_01_F03	65	7499	L5 ET_3	L5 ET	Glutamatergic	#518C7F	104
10x_cells_v2_ACGCCGATCCAATGGT-2L8TX_171026_01_G03	65	9896	L5 ET_3	L5 ET	Glutamatergic	#518C7F	104
10x_cells_v2_ATCTACTAGCGTTGCC-2L8TX_171026_01_G03	65	10760	L5 ET_3	L5 ET	Glutamatergic	#518C7F	104
10x_cells_v2_GTCTCGTAGCTCCTTC-2L8TX_171026_01_G03	65	15197	L5 ET_3	L5 ET	Glutamatergic	#518C7F	104
10x_cells_v2_AAACGGGTCCTGCAGG-3L8TX_171026_01_B04	65	17362	L5 ET_3	L5 ET	Glutamatergic	#518C7F	104
10x_cells_v2_ATAACGCCAGGTCTCG-3L8TX_171026_01_B04	65	18817	L5 ET_3	L5 ET	Glutamatergic	#518C7F	104
10x_cells_v2_CGTTAGAGTCTTCAAG-3L8TX_171026_01_B04	65	20998	L5 ET_3	L5 ET	Glutamatergic	#518C7F	104
10x_cells_v2_CTGATCCCAAGTAGTA-3L8TX_171026_01_B04	65	21465	L5 ET_3	L5 ET	Glutamatergic	#518C7F	104
10x_cells_v2_GGTGCGTAGCTAAGAT-3L8TX_171026_01_B04	65	23146	L5 ET_3	L5 ET	Glutamatergic	#518C7F	104
10x_cells_v2_GTCTCGTGTACCGTAT-3L8TX_171026_01_B04	65	23444	L5 ET_3	L5 ET	Glutamatergic	#518C7F	104
10x_cells_v2_TAGTTGGAGCACACAG-3L8TX_171026_01_B04	65	24101	L5 ET_3	L5 ET	Glutamatergic	#518C7F	104
10x_cells_v2_AACTCTTTCGCCTGAG-4L8TX_171026_01_F04	65	25934	L5 ET_3	L5 ET	Glutamatergic	#518C7F	104
10x_cells_v2_CACACTCAGAGCTGCA-4L8TX_171026_01_F04	65	27863	L5 ET_3	L5 ET	Glutamatergic	#518C7F	104
10x_cells_v2_CCGGTAGTCACCCGAG-4L8TX_171026_01_F04	65	28696	L5 ET_3	L5 ET	Glutamatergic	#518C7F	104
10x_cells_v2_CGCTTCATCGTGACAT-4L8TX_171026_01_F04	65	29273	L5 ET_3	L5 ET	Glutamatergic	#518C7F	104
10x_cells_v2_GGAAAGCGTGTGACGA-4L8TX_171026_01_F04	65	31367	L5 ET_3	L5 ET	Glutamatergic	#518C7F	104
10x_cells_v2_TCTATTGGTACTCTCC-4L8TX_171026_01_F04	65	33292	L5 ET_3	L5 ET	Glutamatergic	#518C7F	104
10x_cells_v2_GACCAATTCCGCATCT-5L8TX_171026_01_G04	65	38881	L5 ET_3	L5 ET	Glutamatergic	#518C7F	104
10x_cells_v2_GCTCCTATCGTTGACA-5L8TX_171026_01_G04	65	39528	L5 ET_3	L5 ET	Glutamatergic	#518C7F	104
10x_cells_v2_TCTATTGAGGCCATAG-5L8TX_171026_01_G04	65	41445	L5 ET_3	L5 ET	Glutamatergic	#518C7F	104
10x_cells_v2_TTGCGTCAGAGTTGGC-5L8TX_171026_01_G04	65	42359	L5 ET_3	L5 ET	Glutamatergic	#518C7F	104
10x_cells_v2_CATCGGGTCAGCTCTC-6L8TX_171026_01_B05	65	44164	L5 ET_3	L5 ET	Glutamatergic	#518C7F	104
10x_cells_v2_CTCGTACTCATGTAGC-6L8TX_171026_01_B05	65	45196	L5 ET_3	L5 ET	Glutamatergic	#518C7F	104
10x_cells_v2_GACGTTAAGAGTTGGC-6L8TX_171026_01_B05	65	45598	L5 ET_3	L5 ET	Glutamatergic	#518C7F	104
10x_cells_v2_GCTCTGTAGGACAGCT-6L8TX_171026_01_B05	65	46044	L5 ET_3	L5 ET	Glutamatergic	#518C7F	104
10x_cells_v2_AAGGAGCCATCCGTGG-7L8TX_171026_01_H04	65	48106	L5 ET_3	L5 ET	Glutamatergic	#518C7F	104
10x_cells_v2_ACCCACTAGCGCTTAT-7L8TX_171026_01_H04	65	48312	L5 ET_3	L5 ET	Glutamatergic	#518C7F	104
10x_cells_v2_ACGAGGATCATGTCCC-7L8TX_171026_01_H04	65	48378	L5 ET_3	L5 ET	Glutamatergic	#518C7F	104
10x_cells_v2_ACGGGTCTCTTGCATT-7L8TX_171026_01_H04	65	48496	L5 ET_3	L5 ET	Glutamatergic	#518C7F	104
10x_cells_v2_ACTATCTTCAATAAGG-7L8TX_171026_01_H04	65	48513	L5 ET_3	L5 ET	Glutamatergic	#518C7F	104
10x_cells_v2_AGCGTCGTCGGCGCAT-7L8TX_171026_01_H04	65	48766	L5 ET_3	L5 ET	Glutamatergic	#518C7F	104
10x_cells_v2_GGAAAGCGTGCAACGA-7L8TX_171026_01_H04	65	51958	L5 ET_3	L5 ET	Glutamatergic	#518C7F	104
10x_cells_v2_GGCCGATCATTCACTT-7L8TX_171026_01_H04	65	52094	L5 ET_3	L5 ET	Glutamatergic	#518C7F	104
10x_cells_v2_GTGCATAAGTTAACGA-7L8TX_171026_01_H04	65	52555	L5 ET_3	L5 ET	Glutamatergic	#518C7F	104
10x_cells_v2_TTTCCTCCACCCTATC-7L8TX_171026_01_H04	65	54071	L5 ET_3	L5 ET	Glutamatergic	#518C7F	104
10x_cells_v2_AACGTTGGTACCGTAT-8L8TX_171026_01_A05	65	54266	L5 ET_3	L5 ET	Glutamatergic	#518C7F	104
10x_cells_v2_CCTTACGCAGATGAGC-8L8TX_171026_01_A05	65	56822	L5 ET_3	L5 ET	Glutamatergic	#518C7F	104
10x_cells_v2_GTTACAGGTTGACGTT-8L8TX_171026_01_A05	65	59848	L5 ET_3	L5 ET	Glutamatergic	#518C7F	104
10x_cells_v2_TTCTACACAAGTCTAC-8L8TX_171026_01_A05	65	61338	L5 ET_3	L5 ET	Glutamatergic	#518C7F	104
10x_cells_v2_CGAGCCATCAAGATCC-9L8TX_171026_01_H03	65	65519	L5 ET_3	L5 ET	Glutamatergic	#518C7F	104
10x_cells_v2_GAATAAGAGCGCTCCA-9L8TX_171026_01_H03	65	67119	L5 ET_3	L5 ET	Glutamatergic	#518C7F	104
10x_cells_v2_GCTGGGTTCAGCTGGC-9L8TX_171026_01_H03	65	68122	L5 ET_3	L5 ET	Glutamatergic	#518C7F	104
10x_cells_v2_ACACTGAGTCCGCTGA-10L8TX_171026_01_A04	65	72032	L5 ET_3	L5 ET	Glutamatergic	#518C7F	104
10x_cells_v2_CCGTGGAGTCTCGTTC-10L8TX_171026_01_A04	65	74279	L5 ET_3	L5 ET	Glutamatergic	#518C7F	104
10x_cells_v2_CCTATTAAGTTTCCTT-10L8TX_171026_01_A04	65	74373	L5 ET_3	L5 ET	Glutamatergic	#518C7F	104
10x_cells_v2_GGAACTTCAGTCAGCC-10L8TX_171026_01_A04	65	76594	L5 ET_3	L5 ET	Glutamatergic	#518C7F	104
10x_cells_v2_GTTTCTAAGAGTAAGG-10L8TX_171026_01_A04	65	77418	L5 ET_3	L5 ET	Glutamatergic	#518C7F	104
10x_cells_v2_TGTCCCACATGTCTCC-10L8TX_171026_01_A04	65	78672	L5 ET_3	L5 ET	Glutamatergic	#518C7F	104
10x_cells_v2_AAACGGGTCTTCATGT-11L8TX_171026_01_C05	65	79152	L5 ET_3	L5 ET	Glutamatergic	#518C7F	104
10x_cells_v2_GGCGTGTTCGTTTAGG-11L8TX_171026_01_C05	65	84178	L5 ET_3	L5 ET	Glutamatergic	#518C7F	104
10x_cells_v2_GGTGAAGAGGCATGGT-11L8TX_171026_01_C05	65	84368	L5 ET_3	L5 ET	Glutamatergic	#518C7F	104
10x_cells_v2_TGGCGCATCCTTCAAT-11L8TX_171026_01_C05	65	86097	L5 ET_3	L5 ET	Glutamatergic	#518C7F	104
10x_cells_v2_TTCCCAGCATTAACCG-11L8TX_171026_01_C05	65	86373	L5 ET_3	L5 ET	Glutamatergic	#518C7F	104
10x_cells_v2_ATCCACCAGCTAAGAT-12L8TX_171026_01_D05	65	87703	L5 ET_3	L5 ET	Glutamatergic	#518C7F	104
10x_cells_v2_CGTGTAACAAGTTAAG-12L8TX_171026_01_D05	65	89028	L5 ET_3	L5 ET	Glutamatergic	#518C7F	104
10x_cells_v2_CTAGAGTAGTCCATAC-12L8TX_171026_01_D05	65	89153	L5 ET_3	L5 ET	Glutamatergic	#518C7F	104
10x_cells_v2_GTCGTAACATTCCTGC-12L8TX_171026_01_D05	65	90713	L5 ET_3	L5 ET	Glutamatergic	#518C7F	104
10x_cells_v2_TTCTCAATCAGAAATG-12L8TX_171026_01_D05	65	91924	L5 ET_3	L5 ET	Glutamatergic	#518C7F	104
10x_cells_v2_AGGTCATTCAAAGACA-13L8TX_171026_01_E05	65	93615	L5 ET_3	L5 ET	Glutamatergic	#518C7F	104
10x_cells_v2_AGTGTCATCTAGAGTC-13L8TX_171026_01_E05	65	93718	L5 ET_3	L5 ET	Glutamatergic	#518C7F	104
10x_cells_v2_ATTACTCCACTAAGTC-13L8TX_171026_01_E05	65	94042	L5 ET_3	L5 ET	Glutamatergic	#518C7F	104
10x_cells_v2_CAACCAAAGGAGTCTG-13L8TX_171026_01_E05	65	94148	L5 ET_3	L5 ET	Glutamatergic	#518C7F	104
10x_cells_v2_CATTATCAGTTCGCGC-13L8TX_171026_01_E05	65	94927	L5 ET_3	L5 ET	Glutamatergic	#518C7F	104
10x_cells_v2_CCGTACTCATCATCCC-13L8TX_171026_01_E05	65	95232	L5 ET_3	L5 ET	Glutamatergic	#518C7F	104
10x_cells_v2_CGTAGGCAGACTTTCG-13L8TX_171026_01_E05	65	95934	L5 ET_3	L5 ET	Glutamatergic	#518C7F	104
10x_cells_v2_CTCGGGACACCACCAG-13L8TX_171026_01_E05	65	96515	L5 ET_3	L5 ET	Glutamatergic	#518C7F	104
10x_cells_v2_CTTCTCTAGACACTAA-13L8TX_171026_01_E05	65	96857	L5 ET_3	L5 ET	Glutamatergic	#518C7F	104
10x_cells_v2_GATCTAGAGCGGCTTC-13L8TX_171026_01_E05	65	97452	L5 ET_3	L5 ET	Glutamatergic	#518C7F	104
10x_cells_v2_GCACTCTCAATAGCAA-13L8TX_171026_01_E05	65	97602	L5 ET_3	L5 ET	Glutamatergic	#518C7F	104
10x_cells_v2_GCGCAACCACCAGCAC-13L8TX_171026_01_E05	65	97827	L5 ET_3	L5 ET	Glutamatergic	#518C7F	104
10x_cells_v2_GTCACGGAGTTGAGAT-13L8TX_171026_01_E05	65	98803	L5 ET_3	L5 ET	Glutamatergic	#518C7F	104
10x_cells_v2_GTCACGGTCGTTGCCT-13L8TX_171026_01_E05	65	98819	L5 ET_3	L5 ET	Glutamatergic	#518C7F	104
10x_cells_v2_GTCGGGTTCACTGGGC-13L8TX_171026_01_E05	65	98876	L5 ET_3	L5 ET	Glutamatergic	#518C7F	104
10x_cells_v2_TAGGCATCAGCTGCTG-13L8TX_171026_01_E05	65	99503	L5 ET_3	L5 ET	Glutamatergic	#518C7F	104
10x_cells_v2_ACCGTAATCCGAGCCA-14L8TX_171026_01_F05	65	101908	L5 ET_3	L5 ET	Glutamatergic	#518C7F	104
10x_cells_v2_ACGCAGCTCTGGTTCC-14L8TX_171026_01_F05	65	102018	L5 ET_3	L5 ET	Glutamatergic	#518C7F	104
10x_cells_v2_AGAGCTTCAGCTATTG-14L8TX_171026_01_F05	65	102349	L5 ET_3	L5 ET	Glutamatergic	#518C7F	104
10x_cells_v2_CGGCTAGCATCCCATC-14L8TX_171026_01_F05	65	104836	L5 ET_3	L5 ET	Glutamatergic	#518C7F	104
10x_cells_v2_CGGGTCAGTGATGTCT-14L8TX_171026_01_F05	65	104859	L5 ET_3	L5 ET	Glutamatergic	#518C7F	104
10x_cells_v2_CGTTGGGTCTTGTATC-14L8TX_171026_01_F05	65	105092	L5 ET_3	L5 ET	Glutamatergic	#518C7F	104
10x_cells_v2_GACGTTACAGGAATGC-14L8TX_171026_01_F05	65	106059	L5 ET_3	L5 ET	Glutamatergic	#518C7F	104
10x_cells_v2_GCAGCCAAGGCTATCT-14L8TX_171026_01_F05	65	106396	L5 ET_3	L5 ET	Glutamatergic	#518C7F	104
10x_cells_v2_GCGACCATCGCTGATA-14L8TX_171026_01_F05	65	106555	L5 ET_3	L5 ET	Glutamatergic	#518C7F	104
10x_cells_v2_GGGAATGGTAACGCGA-14L8TX_171026_01_F05	65	107126	L5 ET_3	L5 ET	Glutamatergic	#518C7F	104
10x_cells_v2_GTACTTTAGACCGGAT-14L8TX_171026_01_F05	65	107412	L5 ET_3	L5 ET	Glutamatergic	#518C7F	104
10x_cells_v2_TCCCGATTCACTTACT-14L8TX_171026_01_F05	65	108557	L5 ET_3	L5 ET	Glutamatergic	#518C7F	104
10x_cells_v2_TTTCCTCGTTGAGGTG-14L8TX_171026_01_F05	65	109724	L5 ET_3	L5 ET	Glutamatergic	#518C7F	104
10x_cells_v2_AATCCAGCATGCTGGC-15L8TX_171026_01_G05	65	110080	L5 ET_3	L5 ET	Glutamatergic	#518C7F	104
10x_cells_v2_GGCAATTGTAGCGTCC-15L8TX_171026_01_G05	65	113951	L5 ET_3	L5 ET	Glutamatergic	#518C7F	104
10x_cells_v2_GGGCATCCAAAGGCGT-15L8TX_171026_01_G05	65	114078	L5 ET_3	L5 ET	Glutamatergic	#518C7F	104
10x_cells_v2_GGGTCTGTCATGGTCA-15L8TX_171026_01_G05	65	114097	L5 ET_3	L5 ET	Glutamatergic	#518C7F	104
10x_cells_v2_CTGATAGTCGCCATAA-16L8TX_171026_01_H05	65	119237	L5 ET_3	L5 ET	Glutamatergic	#518C7F	104
10x_cells_v2_GCCAAATAGGACGAAA-16L8TX_171026_01_H05	65	119993	L5 ET_3	L5 ET	Glutamatergic	#518C7F	104
10x_cells_v2_TCTATTGCACCAGATT-16L8TX_171026_01_H05	65	121765	L5 ET_3	L5 ET	Glutamatergic	#518C7F	104
10x_cells_v2_TTCTACACAGGCAGTA-16L8TX_171026_01_H05	65	122400	L5 ET_3	L5 ET	Glutamatergic	#518C7F	104
10x_cells_v2_ACTGTCCCACGGCTAC-1L8TX_171026_01_F03	64	1027	L5 ET_2	L5 ET	Glutamatergic	#5D8E76	140
10x_cells_v2_CCCAATCGTGTAATGA-1L8TX_171026_01_F03	64	3006	L5 ET_2	L5 ET	Glutamatergic	#5D8E76	140
10x_cells_v2_CCCTCCTAGAACTCGG-1L8TX_171026_01_F03	64	3042	L5 ET_2	L5 ET	Glutamatergic	#5D8E76	140
10x_cells_v2_GATTCAGTCCTAGTGA-1L8TX_171026_01_F03	64	5344	L5 ET_2	L5 ET	Glutamatergic	#5D8E76	140
10x_cells_v2_GCGGGTTAGGCCCTCA-1L8TX_171026_01_F03	64	5711	L5 ET_2	L5 ET	Glutamatergic	#5D8E76	140
10x_cells_v2_GGGACCTCAGGTGCCT-1L8TX_171026_01_F03	64	6183	L5 ET_2	L5 ET	Glutamatergic	#5D8E76	140
10x_cells_v2_TGGCCAGGTAGCGATG-1L8TX_171026_01_F03	64	8383	L5 ET_2	L5 ET	Glutamatergic	#5D8E76	140
10x_cells_v2_TGGGCGTTCTGTTTGT-1L8TX_171026_01_F03	64	8474	L5 ET_2	L5 ET	Glutamatergic	#5D8E76	140
10x_cells_v2_TTGGAACCAGACGTAG-1L8TX_171026_01_F03	64	8914	L5 ET_2	L5 ET	Glutamatergic	#5D8E76	140
10x_cells_v2_ACCTTTAAGTTATCGC-2L8TX_171026_01_G03	64	9753	L5 ET_2	L5 ET	Glutamatergic	#5D8E76	140
10x_cells_v2_ACTATCTGTAACGCGA-2L8TX_171026_01_G03	64	9981	L5 ET_2	L5 ET	Glutamatergic	#5D8E76	140
10x_cells_v2_AGTAGTCCATGCTAGT-2L8TX_171026_01_G03	64	10517	L5 ET_2	L5 ET	Glutamatergic	#5D8E76	140
10x_cells_v2_CACAGTAGTAAGTAGT-2L8TX_171026_01_G03	64	11117	L5 ET_2	L5 ET	Glutamatergic	#5D8E76	140
10x_cells_v2_CTAGTGACATGCAACT-2L8TX_171026_01_G03	64	12921	L5 ET_2	L5 ET	Glutamatergic	#5D8E76	140
10x_cells_v2_GTAGGCCTCGTTACAG-2L8TX_171026_01_G03	64	15003	L5 ET_2	L5 ET	Glutamatergic	#5D8E76	140
10x_cells_v2_GTGCGGTAGACTACAA-2L8TX_171026_01_G03	64	15286	L5 ET_2	L5 ET	Glutamatergic	#5D8E76	140
10x_cells_v2_TCTGAGAAGCTAAACA-2L8TX_171026_01_G03	64	16302	L5 ET_2	L5 ET	Glutamatergic	#5D8E76	140
10x_cells_v2_TGCGTGGGTACAGTTC-2L8TX_171026_01_G03	64	16604	L5 ET_2	L5 ET	Glutamatergic	#5D8E76	140
10x_cells_v2_TTTGTCAAGTTCCACA-2L8TX_171026_01_G03	64	17311	L5 ET_2	L5 ET	Glutamatergic	#5D8E76	140
10x_cells_v2_ACTTGTTTCGGAGCAA-3L8TX_171026_01_B04	64	18271	L5 ET_2	L5 ET	Glutamatergic	#5D8E76	140
10x_cells_v2_ATTACTCAGTCAATAG-3L8TX_171026_01_B04	64	19065	L5 ET_2	L5 ET	Glutamatergic	#5D8E76	140
10x_cells_v2_CAGTAACAGCTACCTA-3L8TX_171026_01_B04	64	19655	L5 ET_2	L5 ET	Glutamatergic	#5D8E76	140
10x_cells_v2_CGCTATCCATATGCTG-3L8TX_171026_01_B04	64	20639	L5 ET_2	L5 ET	Glutamatergic	#5D8E76	140
10x_cells_v2_CTCCTAGCAAGAAAGG-3L8TX_171026_01_B04	64	21263	L5 ET_2	L5 ET	Glutamatergic	#5D8E76	140
10x_cells_v2_GACGCGTGTGGCCCTA-3L8TX_171026_01_B04	64	21898	L5 ET_2	L5 ET	Glutamatergic	#5D8E76	140
10x_cells_v2_GCATGATGTTAGAACA-3L8TX_171026_01_B04	64	22344	L5 ET_2	L5 ET	Glutamatergic	#5D8E76	140
10x_cells_v2_GCATGCGTCTAACTCT-3L8TX_171026_01_B04	64	22370	L5 ET_2	L5 ET	Glutamatergic	#5D8E76	140
10x_cells_v2_TAGACCACAGTAAGAT-3L8TX_171026_01_B04	64	24029	L5 ET_2	L5 ET	Glutamatergic	#5D8E76	140
10x_cells_v2_TGTTCCGCAGTCACTA-3L8TX_171026_01_B04	64	25255	L5 ET_2	L5 ET	Glutamatergic	#5D8E76	140
10x_cells_v2_TTCTTAGGTGAGGCTA-3L8TX_171026_01_B04	64	25475	L5 ET_2	L5 ET	Glutamatergic	#5D8E76	140
10x_cells_v2_ACATCAGTCAGAAATG-4L8TX_171026_01_F04	64	26275	L5 ET_2	L5 ET	Glutamatergic	#5D8E76	140
10x_cells_v2_ACGAGGAAGTTATCGC-4L8TX_171026_01_F04	64	26397	L5 ET_2	L5 ET	Glutamatergic	#5D8E76	140
10x_cells_v2_ACGGGCTTCTCACATT-4L8TX_171026_01_F04	64	26560	L5 ET_2	L5 ET	Glutamatergic	#5D8E76	140
10x_cells_v2_GATGAAATCTCTTGAT-4L8TX_171026_01_F04	64	30819	L5 ET_2	L5 ET	Glutamatergic	#5D8E76	140
10x_cells_v2_GTCACAAAGAGGTTGC-4L8TX_171026_01_F04	64	32054	L5 ET_2	L5 ET	Glutamatergic	#5D8E76	140
10x_cells_v2_TACTCGCCAAGTTAAG-4L8TX_171026_01_F04	64	32676	L5 ET_2	L5 ET	Glutamatergic	#5D8E76	140
10x_cells_v2_ATCATGGGTCAATACC-5L8TX_171026_01_G04	64	36022	L5 ET_2	L5 ET	Glutamatergic	#5D8E76	140
10x_cells_v2_CACACAAGTGGCTCCA-5L8TX_171026_01_G04	64	36411	L5 ET_2	L5 ET	Glutamatergic	#5D8E76	140
10x_cells_v2_GGGCACTCAGATCTGT-5L8TX_171026_01_G04	64	40008	L5 ET_2	L5 ET	Glutamatergic	#5D8E76	140
10x_cells_v2_AAAGTAGAGATATGGT-6L8TX_171026_01_B05	64	42562	L5 ET_2	L5 ET	Glutamatergic	#5D8E76	140
10x_cells_v2_CAGCATACACAAGACG-6L8TX_171026_01_B05	64	44011	L5 ET_2	L5 ET	Glutamatergic	#5D8E76	140
10x_cells_v2_CATATGGTCGGATGGA-6L8TX_171026_01_B05	64	44103	L5 ET_2	L5 ET	Glutamatergic	#5D8E76	140
10x_cells_v2_TCAGCAATCGGTTAAC-6L8TX_171026_01_B05	64	47074	L5 ET_2	L5 ET	Glutamatergic	#5D8E76	140
10x_cells_v2_ACATGGTTCCATGCTC-7L8TX_171026_01_H04	64	48296	L5 ET_2	L5 ET	Glutamatergic	#5D8E76	140
10x_cells_v2_CATTATCTCCACGACG-7L8TX_171026_01_H04	64	49784	L5 ET_2	L5 ET	Glutamatergic	#5D8E76	140
10x_cells_v2_CCTACACAGGGATGGG-7L8TX_171026_01_H04	64	50034	L5 ET_2	L5 ET	Glutamatergic	#5D8E76	140
10x_cells_v2_CTTGGCTTCTCACATT-7L8TX_171026_01_H04	64	51190	L5 ET_2	L5 ET	Glutamatergic	#5D8E76	140
10x_cells_v2_GCATGCGAGGCTAGCA-7L8TX_171026_01_H04	64	51713	L5 ET_2	L5 ET	Glutamatergic	#5D8E76	140
10x_cells_v2_GGTGAAGCAAGAGGCT-7L8TX_171026_01_H04	64	52269	L5 ET_2	L5 ET	Glutamatergic	#5D8E76	140
10x_cells_v2_GTGCAGCTCTGCAGTA-7L8TX_171026_01_H04	64	52552	L5 ET_2	L5 ET	Glutamatergic	#5D8E76	140
10x_cells_v2_TACTCATAGTGTGAAT-7L8TX_171026_01_H04	64	52843	L5 ET_2	L5 ET	Glutamatergic	#5D8E76	140
10x_cells_v2_TACTCGCGTCTCACCT-7L8TX_171026_01_H04	64	52856	L5 ET_2	L5 ET	Glutamatergic	#5D8E76	140
10x_cells_v2_TCTTCGGCAGACTCGC-7L8TX_171026_01_H04	64	53361	L5 ET_2	L5 ET	Glutamatergic	#5D8E76	140
10x_cells_v2_TGCTGCTGTCGCGAAA-7L8TX_171026_01_H04	64	53610	L5 ET_2	L5 ET	Glutamatergic	#5D8E76	140
10x_cells_v2_AAATGCCAGTACGACG-8L8TX_171026_01_A05	64	54193	L5 ET_2	L5 ET	Glutamatergic	#5D8E76	140
10x_cells_v2_ACGGGCTTCATCATTC-8L8TX_171026_01_A05	64	54818	L5 ET_2	L5 ET	Glutamatergic	#5D8E76	140
10x_cells_v2_ATTGGACAGACTGGGT-8L8TX_171026_01_A05	64	55704	L5 ET_2	L5 ET	Glutamatergic	#5D8E76	140
10x_cells_v2_GACAGAGCAACCGCCA-8L8TX_171026_01_A05	64	58220	L5 ET_2	L5 ET	Glutamatergic	#5D8E76	140
10x_cells_v2_GCATACAAGCCAGTTT-8L8TX_171026_01_A05	64	58646	L5 ET_2	L5 ET	Glutamatergic	#5D8E76	140
10x_cells_v2_GGTATTGAGGTCGGAT-8L8TX_171026_01_A05	64	59355	L5 ET_2	L5 ET	Glutamatergic	#5D8E76	140
10x_cells_v2_GTCTTCGGTACCGCTG-8L8TX_171026_01_A05	64	59680	L5 ET_2	L5 ET	Glutamatergic	#5D8E76	140
10x_cells_v2_TCAGATGTCCCAACGG-8L8TX_171026_01_A05	64	60403	L5 ET_2	L5 ET	Glutamatergic	#5D8E76	140
10x_cells_v2_AGACGTTAGCCGGTAA-9L8TX_171026_01_H03	64	62823	L5 ET_2	L5 ET	Glutamatergic	#5D8E76	140
10x_cells_v2_AGTTGGTCACGCATCG-9L8TX_171026_01_H03	64	63403	L5 ET_2	L5 ET	Glutamatergic	#5D8E76	140
10x_cells_v2_CACATAGTCACTGGGC-9L8TX_171026_01_H03	64	64161	L5 ET_2	L5 ET	Glutamatergic	#5D8E76	140
10x_cells_v2_CAGCCGACACAAGTAA-9L8TX_171026_01_H03	64	64384	L5 ET_2	L5 ET	Glutamatergic	#5D8E76	140
10x_cells_v2_CAGCTGGCATACGCCG-9L8TX_171026_01_H03	64	64447	L5 ET_2	L5 ET	Glutamatergic	#5D8E76	140
10x_cells_v2_GAAACTCGTGCCTGTG-9L8TX_171026_01_H03	64	67011	L5 ET_2	L5 ET	Glutamatergic	#5D8E76	140
10x_cells_v2_GGATTACCAGCGTAAG-9L8TX_171026_01_H03	64	68362	L5 ET_2	L5 ET	Glutamatergic	#5D8E76	140
10x_cells_v2_GGGACCTTCGACAGCC-9L8TX_171026_01_H03	64	68551	L5 ET_2	L5 ET	Glutamatergic	#5D8E76	140
10x_cells_v2_GTCCTCACAGGGCATA-9L8TX_171026_01_H03	64	69025	L5 ET_2	L5 ET	Glutamatergic	#5D8E76	140
10x_cells_v2_TTCGGTCAGACGACGT-9L8TX_171026_01_H03	64	71277	L5 ET_2	L5 ET	Glutamatergic	#5D8E76	140
10x_cells_v2_AAAGATGAGGTTACCT-10L8TX_171026_01_A04	64	71672	L5 ET_2	L5 ET	Glutamatergic	#5D8E76	140
10x_cells_v2_AACTTTCAGTTTGCGT-10L8TX_171026_01_A04	64	71849	L5 ET_2	L5 ET	Glutamatergic	#5D8E76	140
10x_cells_v2_AACTTTCCATCATCCC-10L8TX_171026_01_A04	64	71856	L5 ET_2	L5 ET	Glutamatergic	#5D8E76	140
10x_cells_v2_AATCCAGGTCCATCCT-10L8TX_171026_01_A04	64	71959	L5 ET_2	L5 ET	Glutamatergic	#5D8E76	140
10x_cells_v2_GCATGTATCTGCCCTA-10L8TX_171026_01_A04	64	76307	L5 ET_2	L5 ET	Glutamatergic	#5D8E76	140
10x_cells_v2_GGGTCTGAGCACGCCT-10L8TX_171026_01_A04	64	76869	L5 ET_2	L5 ET	Glutamatergic	#5D8E76	140
10x_cells_v2_ACTGTCCCAGACGCCT-11L8TX_171026_01_C05	64	79964	L5 ET_2	L5 ET	Glutamatergic	#5D8E76	140
10x_cells_v2_ACTTACTGTTGAACTC-11L8TX_171026_01_C05	64	79983	L5 ET_2	L5 ET	Glutamatergic	#5D8E76	140
10x_cells_v2_CAAGGCCCAAGTTAAG-11L8TX_171026_01_C05	64	80856	L5 ET_2	L5 ET	Glutamatergic	#5D8E76	140
10x_cells_v2_CGCTATCCAGGTTTCA-11L8TX_171026_01_C05	64	82125	L5 ET_2	L5 ET	Glutamatergic	#5D8E76	140
10x_cells_v2_CGTCTACTCTAGAGTC-11L8TX_171026_01_C05	64	82367	L5 ET_2	L5 ET	Glutamatergic	#5D8E76	140
10x_cells_v2_GCAGCCAAGGGTTCCC-11L8TX_171026_01_C05	64	83620	L5 ET_2	L5 ET	Glutamatergic	#5D8E76	140
10x_cells_v2_GGACAGACATCGTCGG-11L8TX_171026_01_C05	64	84051	L5 ET_2	L5 ET	Glutamatergic	#5D8E76	140
10x_cells_v2_GTACTCCTCCTCTAGC-11L8TX_171026_01_C05	64	84478	L5 ET_2	L5 ET	Glutamatergic	#5D8E76	140
10x_cells_v2_GTAGGCCAGGCTACGA-11L8TX_171026_01_C05	64	84502	L5 ET_2	L5 ET	Glutamatergic	#5D8E76	140
10x_cells_v2_TACCTATTCAACACGT-11L8TX_171026_01_C05	64	85030	L5 ET_2	L5 ET	Glutamatergic	#5D8E76	140
10x_cells_v2_CCTACCACATGGATGG-12L8TX_171026_01_D05	64	88553	L5 ET_2	L5 ET	Glutamatergic	#5D8E76	140
10x_cells_v2_CGCGGTAGTTCCAACA-12L8TX_171026_01_D05	64	88778	L5 ET_2	L5 ET	Glutamatergic	#5D8E76	140
10x_cells_v2_GCCTCTATCGCATGGC-12L8TX_171026_01_D05	64	90027	L5 ET_2	L5 ET	Glutamatergic	#5D8E76	140
10x_cells_v2_GCTCCTAAGAGTGACC-12L8TX_171026_01_D05	64	90111	L5 ET_2	L5 ET	Glutamatergic	#5D8E76	140
10x_cells_v2_TGGACGCCACAACGCC-12L8TX_171026_01_D05	64	91687	L5 ET_2	L5 ET	Glutamatergic	#5D8E76	140
10x_cells_v2_AAAGCAAAGAGACGAA-13L8TX_171026_01_E05	64	92156	L5 ET_2	L5 ET	Glutamatergic	#5D8E76	140
10x_cells_v2_AGAATAGCACTGTGTA-13L8TX_171026_01_E05	64	93172	L5 ET_2	L5 ET	Glutamatergic	#5D8E76	140
10x_cells_v2_AGCATACGTCTGCAAT-13L8TX_171026_01_E05	64	93344	L5 ET_2	L5 ET	Glutamatergic	#5D8E76	140
10x_cells_v2_CATATTCCAGCTCCGA-13L8TX_171026_01_E05	64	94747	L5 ET_2	L5 ET	Glutamatergic	#5D8E76	140
10x_cells_v2_CATCCACAGCAACGGT-13L8TX_171026_01_E05	64	94801	L5 ET_2	L5 ET	Glutamatergic	#5D8E76	140
10x_cells_v2_CCCTCCTAGTGAATTG-13L8TX_171026_01_E05	64	95166	L5 ET_2	L5 ET	Glutamatergic	#5D8E76	140
10x_cells_v2_CCTTCCCGTCATATCG-13L8TX_171026_01_E05	64	95423	L5 ET_2	L5 ET	Glutamatergic	#5D8E76	140
10x_cells_v2_CGAACATCAGTCGTGC-13L8TX_171026_01_E05	64	95473	L5 ET_2	L5 ET	Glutamatergic	#5D8E76	140
10x_cells_v2_CGACCTTGTTCCACGG-13L8TX_171026_01_E05	64	95511	L5 ET_2	L5 ET	Glutamatergic	#5D8E76	140
10x_cells_v2_CGGAGCTAGCCACGCT-13L8TX_171026_01_E05	64	95818	L5 ET_2	L5 ET	Glutamatergic	#5D8E76	140
10x_cells_v2_CGTGTCTGTTAAAGAC-13L8TX_171026_01_E05	64	96067	L5 ET_2	L5 ET	Glutamatergic	#5D8E76	140
10x_cells_v2_CTCGTCAAGCCTCGTG-13L8TX_171026_01_E05	64	96547	L5 ET_2	L5 ET	Glutamatergic	#5D8E76	140
10x_cells_v2_GAAGCAGTCTATCCCG-13L8TX_171026_01_E05	64	97029	L5 ET_2	L5 ET	Glutamatergic	#5D8E76	140
10x_cells_v2_GACGGCTCATGACGGA-13L8TX_171026_01_E05	64	97172	L5 ET_2	L5 ET	Glutamatergic	#5D8E76	140
10x_cells_v2_GACTGCGGTCGCGAAA-13L8TX_171026_01_E05	64	97278	L5 ET_2	L5 ET	Glutamatergic	#5D8E76	140
10x_cells_v2_GAGTCCGAGGTGTTAA-13L8TX_171026_01_E05	64	97339	L5 ET_2	L5 ET	Glutamatergic	#5D8E76	140
10x_cells_v2_GATCGTATCCGTCAAA-13L8TX_171026_01_E05	64	97441	L5 ET_2	L5 ET	Glutamatergic	#5D8E76	140
10x_cells_v2_GATGCTATCCTCTAGC-13L8TX_171026_01_E05	64	97517	L5 ET_2	L5 ET	Glutamatergic	#5D8E76	140
10x_cells_v2_GCGCAACTCAGTTAGC-13L8TX_171026_01_E05	64	97836	L5 ET_2	L5 ET	Glutamatergic	#5D8E76	140
10x_cells_v2_GGTGTTACATGCCTTC-13L8TX_171026_01_E05	64	98569	L5 ET_2	L5 ET	Glutamatergic	#5D8E76	140
10x_cells_v2_TGAGGGAAGGCCATAG-13L8TX_171026_01_E05	64	100297	L5 ET_2	L5 ET	Glutamatergic	#5D8E76	140
10x_cells_v2_TGGCTGGTCACGCATA-13L8TX_171026_01_E05	64	100593	L5 ET_2	L5 ET	Glutamatergic	#5D8E76	140
10x_cells_v2_TGTGGTATCCTCATTA-13L8TX_171026_01_E05	64	100741	L5 ET_2	L5 ET	Glutamatergic	#5D8E76	140
10x_cells_v2_TTAGGCATCCAGGGCT-13L8TX_171026_01_E05	64	100850	L5 ET_2	L5 ET	Glutamatergic	#5D8E76	140
10x_cells_v2_ACACCGGAGAGTGAGA-14L8TX_171026_01_F05	64	101744	L5 ET_2	L5 ET	Glutamatergic	#5D8E76	140
10x_cells_v2_ACGAGGATCCCAGGTG-14L8TX_171026_01_F05	64	101959	L5 ET_2	L5 ET	Glutamatergic	#5D8E76	140
10x_cells_v2_CAGCTGGGTTTGACTG-14L8TX_171026_01_F05	64	103712	L5 ET_2	L5 ET	Glutamatergic	#5D8E76	140
10x_cells_v2_CATATTCGTGGAAAGA-14L8TX_171026_01_F05	64	103789	L5 ET_2	L5 ET	Glutamatergic	#5D8E76	140
10x_cells_v2_CGACTTCTCTGATTCT-14L8TX_171026_01_F05	64	104497	L5 ET_2	L5 ET	Glutamatergic	#5D8E76	140
10x_cells_v2_CGAGCACAGACTTGAA-14L8TX_171026_01_F05	64	104523	L5 ET_2	L5 ET	Glutamatergic	#5D8E76	140
10x_cells_v2_CTAAGACAGTTCGATC-14L8TX_171026_01_F05	64	105127	L5 ET_2	L5 ET	Glutamatergic	#5D8E76	140
10x_cells_v2_CTTGGCTCAAGTAGTA-14L8TX_171026_01_F05	64	105769	L5 ET_2	L5 ET	Glutamatergic	#5D8E76	140
10x_cells_v2_GACGTGCAGATCGGGT-14L8TX_171026_01_F05	64	106040	L5 ET_2	L5 ET	Glutamatergic	#5D8E76	140
10x_cells_v2_TGTATTCGTCTGCGGT-14L8TX_171026_01_F05	64	109258	L5 ET_2	L5 ET	Glutamatergic	#5D8E76	140
10x_cells_v2_TTCTACAGTGTCTGAT-14L8TX_171026_01_F05	64	109480	L5 ET_2	L5 ET	Glutamatergic	#5D8E76	140
10x_cells_v2_AGCTCCTAGTACGATA-15L8TX_171026_01_G05	64	110728	L5 ET_2	L5 ET	Glutamatergic	#5D8E76	140
10x_cells_v2_AGGGAGTGTTAAGAAC-15L8TX_171026_01_G05	64	110815	L5 ET_2	L5 ET	Glutamatergic	#5D8E76	140
10x_cells_v2_GACGCGTCACCATGTA-15L8TX_171026_01_G05	64	113208	L5 ET_2	L5 ET	Glutamatergic	#5D8E76	140
10x_cells_v2_GTGCATAAGGAGTTTA-15L8TX_171026_01_G05	64	114390	L5 ET_2	L5 ET	Glutamatergic	#5D8E76	140
10x_cells_v2_TTGGCAAAGGAATCGC-15L8TX_171026_01_G05	64	115799	L5 ET_2	L5 ET	Glutamatergic	#5D8E76	140
10x_cells_v2_AACTCAGAGTACACCT-16L8TX_171026_01_H05	64	116039	L5 ET_2	L5 ET	Glutamatergic	#5D8E76	140
10x_cells_v2_CGCCAAGGTGAGTGAC-16L8TX_171026_01_H05	64	118536	L5 ET_2	L5 ET	Glutamatergic	#5D8E76	140
10x_cells_v2_CTCAGAACACATCCAA-16L8TX_171026_01_H05	64	119041	L5 ET_2	L5 ET	Glutamatergic	#5D8E76	140
10x_cells_v2_GAAGCAGAGGCCGAAT-16L8TX_171026_01_H05	64	119490	L5 ET_2	L5 ET	Glutamatergic	#5D8E76	140
10x_cells_v2_GCAGTTATCACGCGGT-16L8TX_171026_01_H05	64	119928	L5 ET_2	L5 ET	Glutamatergic	#5D8E76	140
10x_cells_v2_GGAACTTGTCCCTTGT-16L8TX_171026_01_H05	64	120259	L5 ET_2	L5 ET	Glutamatergic	#5D8E76	140
10x_cells_v2_TGACTTTGTGTTGGGA-16L8TX_171026_01_H05	64	121910	L5 ET_2	L5 ET	Glutamatergic	#5D8E76	140
