cell	cluster_id	QC	cluster_label	subclass_label	class_label	cluster_color	size	ar_id	exp_component_vendor_name	batch	batch_vendor_name	tube	tube_internal_name	tube_contents_nm	tube_contents_nm_from_vendor	tube_avg_size_bp	tube_input_fmol	r1_index	r2_index	index_sequence_pair	organism	facs_container	sample_name	patched_cell_container	cell_name	cell_id	sample_quantity_count	sample_quantity_pg	external_donor_name	gender	control	cell_prep_type	full_genotype	facs_population_plan	cre_line	reporter	injection_roi	injection_materials	roi	patchseq_roi	medical_conditions	slice_min_pos	slice_max_pos	rna_amplification_set	rna_amplification	amp_date	pcr_cycles	percent_cdna_longer_than_400bp	rna_amplification_pass_fail	amplified_quantity_ng	library_prep_set	library_prep	lib_date	library_input_ng	avg_size_bp	quantification2_ng	quantification_fmol	quantification2_nm	library_prep_pass_fail	exp_cluster_density_thousands_per_mm2	lane_read_count	alignment_date	vendor_read_count	experiment_component_failed	fpkm_published	fpkm_dir	fpkm_filename	transcriptome_bam_filename	fastq_path_list	total_reads	percent_reads_aligned_to_exons	percent_reads_aligned_to_rrna	percent_reads_aligned_to_trna	percent_reads_aligned_to_mt_exons	percent_reads_aligned_to_ecoli	percent_reads_aligned_to_synthetic_constructs	percent_reads_aligned_total	complexity_aatt	complexity_acgt	complexity_agct	complexity_at	complexity_catg	complexity_ccgg	complexity_cg	complexity_gatc	complexity_gc	complexity_ta	Exclude.STAR	Region	Well.Row	Well.Column	Type	Class	Genes.With.CPM	Genes.Detected.CPM	Genes.With.FPKM	Genes.Detected	FPKM.4	FPKM.8	FPKM.16	FPKM.32	FPKM.64	CPM.4	CPM.8	CPM.16	CPM.32	CPM.64	Fill.Date	FACS.Date	ERCCLimit	S4.Lot	Seq_Amp	NexteraLot	Nextera.Index.Lot	Eye_Cond	Trehalose_conc	FACS_gate	Pipette_Filter_size	Injection_type	NewBatch	Vendor	MultiPlex	percent_reads_aligned_to_rrna_rmsk	percent_reads_aligned_to_trna_rmsk	percent_reads_aligned_to_ncrna	percent_reads_aligned_to_introns	percent_reads_aligned_to_intergenic	percent_reads_aligned_unique
smarter_cells_SM-D9E4M_S34_E1-50	48	1354	L6 CT Grp_1	L6 CT	Glutamatergic	#197A6E	781	590251040	SM-D9E4M-S34	R8S4-170503	RSC-084	SM-D9E4M	R8S4-17050305	8.528196549	9.58	413	16	N705	S515	GGACTCCT-TTCTAGCT	Mouse	F2S4_170322_032	F2S4_170322_032_B01		Snap25-IRES2-Cre;Ai14-304661.16.02.050	588262987	1		304661	F		Cells	Snap25-IRES2-Cre/wt;Ai14(RCL-tdT)/wt	RFP-positive	Snap25	Ai14			MOp_L6			8	16	A8S4_170412_01	A8S4_170412_01_B05	2017-04-12	18x	0.6559999999999999	Pass	4.908726839	L8S4_170417_06	L8S4_170417_06_B05	4/17/2017	0.125	405	62.46071345	233.6727028	12.98181682	Pass		222072665	5/19/2017	2801598	False		/allen/programs/celltypes/production/mousecelltypes/prod77/Single_Cell_Analysis_Run_590251040/	ar_590251040.genes.results	ar_590251040.aligned_transcriptome.sorted.bam	/projects/mousecelltypes/vol1/prod75/rseq_tube_set_R8S4-170503/RSC-084_R8S4-170503/RAW-DATA/SM-D9E4M/SM-D9E4M_E1-50_GGACTCCT-TTCTAGCT_R1.fastq.gz	2859207	61.87316973	0.08498860000000001	0.0	0.000349747	0.002539515	0.001809942	94.5871705	0.98380067	0.943965294	1.248432814	0.832959039	1.261034208	1.037074813	0.340231899	1.0703581009999998	0.943700204	0.679974429	No	MOp	B	5	Cells	exc	10761	8933	9299	7815	6193	5133	3823	2455	1488	7926	7386	6605	5310	3559	3/7/2017	3/22/2017	56.4	1608207A	1605020A	NXT20137559	NXT20059737	0.0	0.032	Standard	150_30	0.0	HistoricalData	Broad	index96			12.72901892	17.01880976	4.96578247	83.85776196
smarter_cells_LS-15521_S05_E1-50	44	205	L5 ET	L5 ET	Glutamatergic	#53A367	12	545667453	LS-15521-5	R8S4-160830	RSC-038	LS-15521	R8S4-16083008	3.397698792	7.578907585	532	8	N701	S507	TAAGGCGA-AAGGAGTA	Mouse	F2S4_160809_001	F2S4_160809_001_E01		Rbp4-Cre_KL100;Ai14-262258.09.02.037	545594837	1		262258	F		Cells	Rbp4-Cre_KL100/wt;Ai14(RCL-tdT)/wt	RFP-positive	Rbp4-Cre_KL100	Ai14			MOp_L5			7	11	A8S4_160815_02	A8S4_160815_02_E01	2016-08-15	18x	0.838	Pass	17.53477966	L8S4_160822_04	L8S4_160822_04_E01	8/22/2016	0.075	502	44.54282609	134.4404989	6.401928517999999	Pass		225684973	9/17/2016	2277093	False		/projects/mousecelltypes/vol1/prod37/Single_Cell_Analysis_Run_545667453/	ar_545667453.genes.results	ar_545667453.aligned_transcriptome.sorted.bam	/projects/mousecelltypes/vol1/prod36/rseq_tube_set_R8S4-160830/RSC-038_R8S4-160830/RAW-DATA/LS-15521/LS-15521_E1-50_TAAGGCGA-AAGGAGTA_R1.fastq.gz	2265986	71.59942736	0.116373181	0.0	0.000882618	0.003533561	0.002132846	96.24212153	0.983538914	0.937657658	1.236061483	0.8472942929999999	1.270007454	1.03693882	0.351302834	1.066930783	0.952776841	0.668249002	No	MOp	E	1	Cells	exc	12950	11920	12186	10297	7432	5560	3837	2432	1432	10263	9178	7598	5594	3430	7/11/2016	8/9/2016	14.1	1511203A	1511101A	NXT200719911	NXT20071136	0.0	0.0	Standard	150_30	0.0	HistoricalData	Covance	index96			15.43742989	10.71123123	3.257610594	85.56826918
smarter_cells_LS-15524_S51_E1-50	44	273	L5 ET	L5 ET	Glutamatergic	#53A367	12	549999177	LS-15524-51	R8S4-160906	RSC-039	LS-15524	R8S4-16090603	2.950234048	6.49	492	8	N707	S505	CTCTCTAC-GTAAGGAG	Mouse	F2S4_160809_032	F2S4_160809_032_C01		Rbp4-Cre_KL100;Ai14-262258.11.01.047	549505135	1		262258	F		Cells	Rbp4-Cre_KL100/wt;Ai14(RCL-tdT)/wt	RFP-positive	Rbp4-Cre_KL100	Ai14			MOp_L5			7	11	A8S4_160818_01	A8S4_160818_01_C07	2016-08-18	18x	0.79	Pass	11.85844444	L8S4_160825_03	L8S4_160825_03_C07	8/25/2016	0.075	557	79.32644295	215.7838065	10.27541936	Pass		235534818	10/5/2016	2326442	False		/projects/mousecelltypes/vol1/prod38/Single_Cell_Analysis_Run_549999177/	ar_549999177.genes.results	ar_549999177.aligned_transcriptome.sorted.bam	/projects/mousecelltypes/vol1/prod38/rseq_tube_set_R8S4-160906/RSC-039_R8S4-160906/RAW-DATA/LS-15524/LS-15524_E1-50_CTCTCTAC-GTAAGGAG_R1.fastq.gz	2313344	73.20908607	0.0933281	0.0	0.00034582	0.001878666	0.002104313	97.2448542	0.963602512	0.94547694	1.247566876	0.843417683	1.292220165	1.03271778	0.343086751	1.073140087	0.943166057	0.656702252	No	MOp	C	7	Cells	exc	12438	11475	11651	9986	7458	5667	3883	2496	1493	10077	9118	7620	5700	3582	8/4/2016	8/9/2016	14.1	1511203A	1511101A	NXT200719911	NXT20071136	0.0	0.0	Standard	150_30	0.0	HistoricalData	Covance	index96			16.01517111	10.54391392	3.401482875	87.15448286
smarter_cells_SM-D9D8K_S26_E1-50	44	1185	L5 ET	L5 ET	Glutamatergic	#53A367	12	583784760	SM-D9D8K-S26	R8S4-170412	RSC-080	SM-D9D8K	R8S4-17041202	0.0	2.35	0	6	N720	S503	CGGAGCCT-TATCCTCT	Mouse	F2S4_170321_001	F2S4_170321_001_B01		Snap25-IRES2-Cre;Ai14-304659.05.02.002	583381619	1		304659	M		Cells	Snap25-IRES2-Cre/wt;Ai14(RCL-tdT)/wt	RFP-positive	Snap25	Ai14			MOp_L6			5	10	A8S4_170324_02	A8S4_170324_02_B04	2017-03-24	18x	0.8140000000000001	Pass	9.506892967999999	L8S4_170330_05	L8S4_170330_05_B04	3/30/2017	0.1	391	37.11407919	143.8195737	7.989976317000001	Pass		285686170	1/0/1900	3026672	False		/projects/mousecelltypes/vol1/prod72/Single_Cell_Analysis_Run_583784760/	ar_583784760.genes.results	ar_583784760.aligned_transcriptome.sorted.bam	/projects/mousecelltypes/vol1/prod70/rseq_tube_set_R8S4-170412/RSC-080_R8S4-170412/RAW-DATA/SM-D9D8K/SM-D9D8K_E1-50_CGGAGCCT-TATCCTCT_R1.fastq.gz	2927668	68.70157409	0.124706763	0.0	0.001058863	0.001959239	0.001272002	95.1387589	0.992603702	0.942088097	1.24358308	0.829918081	1.265228576	1.032102767	0.35365844	1.068740722	0.956685639	0.665575913	No	MOp	B	4	Cells	exc	12376	10691	11337	9525	7246	5592	3880	2424	1484	9514	8751	7471	5643	3540	2/17/2017	3/21/2017	56.4	1608207A	1605020A	NXT20126873	NXT20113424	0.0	0.032	Standard	150_30	0.0	HistoricalData	Broad	index96			14.09698777	12.37138227	3.912670426	84.98562679
smarter_cells_SM-D9D8K_S29_E1-50	44	1188	L5 ET	L5 ET	Glutamatergic	#53A367	12	583784753	SM-D9D8K-S29	R8S4-170412	RSC-080	SM-D9D8K	R8S4-17041202	0.0	2.35	0	6	N720	S507	CGGAGCCT-AAGGAGTA	Mouse	F2S4_170321_001	F2S4_170321_001_E01		Snap25-IRES2-Cre;Ai14-304659.05.02.005	583381657	1		304659	M		Cells	Snap25-IRES2-Cre/wt;Ai14(RCL-tdT)/wt	RFP-positive	Snap25	Ai14			MOp_L6			5	10	A8S4_170324_02	A8S4_170324_02_E04	2017-03-24	18x	0.8009999999999999	Pass	9.531741261	L8S4_170330_05	L8S4_170330_05_E04	3/30/2017	0.1	389	39.18620519	152.6299182	8.479439897999999	Pass		285686170	1/0/1900	2964125	False		/projects/mousecelltypes/vol1/prod72/Single_Cell_Analysis_Run_583784753/	ar_583784753.genes.results	ar_583784753.aligned_transcriptome.sorted.bam	/projects/mousecelltypes/vol1/prod70/rseq_tube_set_R8S4-170412/RSC-080_R8S4-170412/RAW-DATA/SM-D9D8K/SM-D9D8K_E1-50_CGGAGCCT-AAGGAGTA_R1.fastq.gz	2869862	66.90565609	0.127462575	0.0	0.000313604	0.002048182	0.001140821	95.24046801	0.989660165	0.94471024	1.243031609	0.833069361	1.262195158	1.035607751	0.351060129	1.064033658	0.95462709	0.6745722959999999	No	MOp	E	4	Cells	exc	12343	10635	11284	9461	7196	5527	3803	2400	1437	9525	8728	7457	5506	3455	2/17/2017	3/21/2017	0.22	1608207A	1605020A	NXT20126873	NXT20113424	0.0	0.032	Standard	150_30	0.0	HistoricalData	Broad	index96			13.7481872	13.59180337	4.260866899	84.75832636
smarter_cells_SM-D9D8S_S22_E1-50	44	1342	L5 ET	L5 ET	Glutamatergic	#53A367	12	583794922	SM-D9D8S-S22	R8S4-170413	RSC-081	SM-D9D8S	R8S4-17041302	0.0	3.39	0	8	N719	S508	GCGTAGTA-CTAAGCCT	Mouse	F2S4_170321_006	F2S4_170321_006_F01		Snap25-IRES2-Cre;Ai14-304659.05.02.070	583412830	1		304659	M		Cells	Snap25-IRES2-Cre/wt;Ai14(RCL-tdT)/wt	RFP-positive	Snap25	Ai14			MOp_L6			5	10	A8S4_170328_05	A8S4_170328_05_F03	2017-03-28	18x	0.752	Pass	9.574538548	L8S4_170406_01	L8S4_170406_01_F03	4/6/2017	0.1	401	42.75149238	161.533637	8.974090947	Pass		297282333	1/0/1900	3068347	False		/projects/mousecelltypes/vol1/prod72/Single_Cell_Analysis_Run_583794922/	ar_583794922.genes.results	ar_583794922.aligned_transcriptome.sorted.bam	/projects/mousecelltypes/vol1/prod71/rseq_tube_set_R8S4-170413/RSC-081_R8S4-170413/RAW-DATA/SM-D9D8S/SM-D9D8S_E1-50_GCGTAGTA-CTAAGCCT_R1.fastq.gz	2907303	62.27228466	0.112303396	0.0	0.000103188	0.002415641	0.001170845	93.67730161	0.995147654	0.949861124	1.242483824	0.828217526	1.250524672	1.028494832	0.35814361	1.064140359	0.957704435	0.686217176	No	MOp	F	3	Cells	exc	13134	11230	11784	9927	7469	5718	3775	2321	1387	9886	8957	7566	5579	3418	2/17/2017	3/21/2017	14.1	1608207A	1605020A	NXT20126873	NXT20053195	0.0	0.032	Standard	150_30	0.0	HistoricalData	Broad	index96			12.45680275	16.58757274	4.714919635	83.57477704
smarter_cells_SM-D9E5T_S91_E1-50	44	1695	L5 ET	L5 ET	Glutamatergic	#53A367	12	591290759	SM-D9E5T-S91	R8S4-170510	RSC-087	SM-D9E5T	R8S4-17051007	6.965572221	6.71	418	10	N729	S516	TCGACGTC-CCTAGAGT	Mouse	F2S4_170330_006	F2S4_170330_006_C01		Slc17a7-IRES2-Cre;Ai14-306910.12.01.043	590965566	1		306910	F		Cells	Slc17a7-IRES2-Cre/wt;Ai14(RCL-tdT)/wt	RFP-positive	Slc17a7	Ai14			MOp_L6			12	17	A8S4_170424_03	A8S4_170424_03_C12	2017-04-24	18x	0.795	Pass	8.482943917	L8S4_170501_04	L8S4_170501_04_C12	5/1/2017	0.1	397	58.88559174	224.7370114	12.48538952	Pass		253139758	1/0/1900	2262164	False		/allen/programs/celltypes/production/mousecelltypes/prod78/Single_Cell_Analysis_Run_591290759/	ar_591290759.genes.results	ar_591290759.aligned_transcriptome.sorted.bam	/allen/programs/celltypes/production/mousecelltypes/prod77/rseq_tube_set_R8S4-170510/RSC-087_R8S4-170510/RAW-DATA/SM-D9E5T/SM-D9E5T_E1-50_TCGACGTC-CCTAGAGT_R1.fastq.gz	2343727	69.38410489	0.128427927	0.0	0.000384004	0.001809511	0.001496761	95.787948	0.987411041	0.937579829	1.243505837	0.8382982059999999	1.270233028	1.0338773490000002	0.352521369	1.070706537	0.951304775	0.6639834029999999	No	MOp	C	12	Cells	exc	12082	10911	11123	9452	7105	5458	3731	2402	1490	9495	8644	7270	5406	3413	3/24/2017	3/30/2017	56.4	1608207A	1605020A	NXT20137559	NXT20114237	0.0	0.032	Standard	150_30	0.0	HistoricalData	Broad	index96			14.65277313	11.69701079	3.830522924	84.91163859999997
smarter_cells_SM-DAIFC_S61_E1-50	44	2405	L5 ET	L5 ET	Glutamatergic	#53A367	12	598271240	SM-DAIFC-S61	R8S4-170615	RSC-097	SM-DAIFC	R8S4-17061503	8.07859047	10.82	454	16	N710	S518	CGAGGCTG-CTATTAAG	Mouse	F2S4_170522_022	F2S4_170522_022_E01		Slc17a6-IRES-Cre;Ai14-319139.11.01.189	597526035	1		319139	M		Cells	Slc17a6-IRES-Cre/wt;Ai14(RCL-tdT)/wt	RFP-positive	Slc17a6	Ai14			MOp_L6			4	12	A8S4_170526_05	A8S4_170526_05_E08	2017-05-26	18x	0.8370000000000001	Pass	14274.31609	L8S4_170605_05	L8S4_170605_05_E08	6/5/2017	0.1	390	51.14256149	198.6890501	11.03828056	Pass		265940822	1/0/1900	3266987	False		/allen/programs/celltypes/production/mousecelltypes/prod86/Single_Cell_Analysis_Run_598271240/	ar_598271240.genes.results	ar_598271240.aligned_transcriptome.sorted.bam	/allen/programs/celltypes/production/mousecelltypes/prod85/rseq_tube_set_R8S4-170615/RSC-097_R8S4-170615/RAW-DATA/SM-DAIFC/SM-DAIFC_E1-50_CGAGGCTG-CTATTAAG_R1.fastq.gz	3360958	71.03260439	0.121959275	0.0	0.001011616	0.001422809	0.001114563	95.59878463	0.988441881	0.936394815	1.238635722	0.845173318	1.267102811	1.034115349	0.35901222	1.074236934	0.95083778	0.665619227	No	MOp	E	8	Cells	exc	13485	11711	12475	10112	7046	5158	3565	2296	1454	10090	8884	7151	5135	3170	5/9/2017	5/9/2017	14.1	1608207A	1605020A	NXT20152432	NXT20126871	0.0	0.032	Standard	150_30	0.0	HistoricalData	Broad	index96			15.30536829	9.24153173	3.344046549	83.61818267
smarter_cells_SM-DAIGV_S26_E1-50	44	3528	L5 ET	L5 ET	Glutamatergic	#53A367	12	604754459	SM-DAIGV-S26	R8S4-170712	RSC-103	SM-DAIGV	R8S4-17071208	0.0	4.6	0	12	N704	S503	TCCTGAGC-TATCCTCT	Mouse	F2S4_170509_037	F2S4_170509_037_B01		Slc17a7-IRES2-Cre;Ai14-315872.11.01.185	602654499	1		315872	M		Cells	Slc17a7-IRES2-Cre/wt;Ai14(RCL-tdT)/wt	RFP-positive	Slc17a7	Ai14			MOp_L6			4	12	A8S4_170621_07	A8S4_170621_07_B04	2017-06-21	18x	0.7829999999999999	Pass	10.38980393	L8S4_170703_01	L8S4_170703_01_B04	7/3/2017	0.1	390	45.35153264	176.1908805	9.78838225	Pass		260640075	1/0/1900	2701796	False		/allen/programs/celltypes/production/mousecelltypes/prod93/Single_Cell_Analysis_Run_604754459/	ar_604754459.genes.results	ar_604754459.aligned_transcriptome.sorted.bam	/allen/programs/celltypes/production/mousecelltypes/prod87/rseq_tube_set_R8S4-170712/RSC-103_R8S4-170712/RAW-DATA/SM-DAIGV/SM-DAIGV_E1-50_TCCTGAGC-TATCCTCT_R1.fastq.gz	2633261	67.83326833	0.099686283	0.0	0.001139272	0.00201765	0.001797391	95.57461262	0.990384889	0.936651686	1.239711522	0.838250143	1.264572858	1.039330243	0.356271875	1.071164294	0.951107684	0.667671119	No	MOp	B	4	Cells	exc	12405	10859	11407	9643	7251	5442	3726	2347	1443	9756	8919	7441	5449	3378	4/19/2017	5/9/2017	56.4	1608207A	1605020A	NXT20157976	NXT20099911	0.0	0.0	Standard	150_30	0.0	HistoricalData	Broad	index96			14.20261797	12.64956265	3.807066599	84.28989758
smarter_cells_SM-DAIHG_S79_E1-50	44	3867	L5 ET	L5 ET	Glutamatergic	#53A367	12	605711600	SM-DAIHG-S79	R8S4-170720	RSC-106	SM-DAIHG	R8S4-17072004	4.877125818000001	3.3	418	10	N712	S510	GTAGAGGA-CGTCTAAT	Mouse	F2S4_170627_002	F2S4_170627_002_G01		Rbp4-Cre_KL100;Ai14-328804.08.01.063	605556778	1		328804	M		Cells	Rbp4-Cre_KL100/wt;Ai14(RCL-tdT)/wt	RFP-positive	Rbp4-Cre_KL100	Ai14			MOp_L2-3-L5			8	10	A8S4_170629_07	A8S4_170629_07_G10	2017-06-29	18x	0.8759999999999999	Pass	19.69378408	L8S4_170712_01	L8S4_170712_01_G10	7/12/2017	0.1	444	44.9324078	153.331995	8.518444164	Pass		223483626	1/0/1900	2619548	False		/allen/programs/celltypes/production/mousecelltypes/prod93/Single_Cell_Analysis_Run_605711600/	ar_605711600.genes.results	ar_605711600.aligned_transcriptome.sorted.bam	/allen/programs/celltypes/production/mousecelltypes/prod93/rseq_tube_set_R8S4-170720/RSC-106_R8S4-170720/RAW-DATA/SM-DAIHG/SM-DAIHG_E1-50_GTAGAGGA-CGTCTAAT_R1.fastq.gz	2544643	74.73437335	0.117383853	0.0	0.000471579	0.001611228	0.001803003	95.97126198	0.980741329	0.934281724	1.244188824	0.8434802579999999	1.27529796	1.030752583	0.361185407	1.080911484	0.949045771	0.650819755	No	MOp	G	10	Cells	exc	13140	11471	12285	10137	7082	5341	3703	2448	1469	10018	8855	7144	5284	3336	6/6/2017	6/27/2017	14.1	1608207A	1605020A	NXT20157976	NXT20099911	0.0	0.032	Standard	150_30	0.0	HistoricalData	Broad	index96			16.12076822	7.53461291	3.078467196	85.34745345
smarter_cells_SM-DD43N_S23_E1-50	44	3952	L5 ET	L5 ET	Glutamatergic	#53A367	12	609265006	SM-DD43N-S23	R8S4-170802	RSC-107	SM-DD43N	R8S4-17080206	5.936051486	5.45	425	10	N703	S521	AGGCAGAA-GAGCCTTA	Mouse	F2S4_170626_018	F2S4_170626_018_G01		Rbp4-Cre_KL100;Ai14-328802.08.02.103	607978140	1		328802	M		Cells	Rbp4-Cre_KL100/wt;Ai14(RCL-tdT)/wt	RFP-positive	Rbp4-Cre_KL100	Ai14			MOp_L5			3	11	A8S4_170706_08	A8S4_170706_08_G03	2017-07-06	18x	0.862	Pass	12.14572632	L8S4_170717_01	L8S4_170717_01_G03	7/17/2017	0.1	416	34.34581516	125.0940238	6.949667987000001	Pass		232941407	1/0/1900	2235037	False		/allen/programs/celltypes/production/mousecelltypes/prod95/Single_Cell_Analysis_Run_609265006/	ar_609265006.genes.results	ar_609265006.aligned_transcriptome.sorted.bam	/allen/programs/celltypes/production/mousecelltypes/prod95/rseq_tube_set_R8S4-170802/RSC-107_R8S4-170802/RAW-DATA/SM-DD43N/SM-DD43N_E1-50_AGGCAGAA-GAGCCTTA_R1.fastq.gz	2190400	70.8640431	0.103314463	0.0	0.0008674210000000001	0.002723703	0.0026643540000000003	95.84728817	0.988288208	0.939097336	1.2370383740000002	0.838217752	1.264878321	1.034375728	0.366791931	1.071395725	0.954465792	0.663022454	No	MOp	G	3	Cells	exc	12439	11355	11561	9814	7166	5373	3649	2302	1428	9788	8776	7283	5304	3334	6/6/2017	6/26/2017	28.2	1608207A	1605020A	NXT20157976	NXT20126871	0.0	0.032	Standard	150_30	0.0	HistoricalData	Broad	index96			15.03876004	9.240230095	3.688139153	83.79241234
smarter_cells_SM-DD43Q_S43_E1-50	44	3956	L5 ET	L5 ET	Glutamatergic	#53A367	12	609263954	SM-DD43Q-S43	R8S4-170803	RSC-108	SM-DD43Q	R8S4-17080301	5.76943504	6.11	426	10	N722	S505	ATGCGCAG-GTAAGGAG	Mouse	F2S4_170626_019	F2S4_170626_019_C01		Rbp4-Cre_KL100;Ai14-328802.08.02.107	609146613	1		328802	M		Cells	Rbp4-Cre_KL100/wt;Ai14(RCL-tdT)/wt	RFP-positive	Rbp4-Cre_KL100	Ai14			MOp_L5			3	11	A8S4_170707_01	A8S4_170707_01_C06	2017-07-07	18x	0.821	Pass	12.42329317	L8S4_170717_04	L8S4_170717_04_C06	7/17/2017	0.1	413	35.62138648	130.6823189	7.260128826	Pass		256306059	1/0/1900	2393335	False		/allen/programs/celltypes/production/mousecelltypes/prod95/Single_Cell_Analysis_Run_609263954/	ar_609263954.genes.results	ar_609263954.aligned_transcriptome.sorted.bam	/allen/programs/celltypes/production/mousecelltypes/prod95/rseq_tube_set_R8S4-170803/RSC-108_R8S4-170803/RAW-DATA/SM-DD43Q/SM-DD43Q_E1-50_ATGCGCAG-GTAAGGAG_R1.fastq.gz	2335387	77.12075129	0.112743627	0.0	0.000556653	0.00213926	0.003122823	95.98490529	0.986468371	0.934197672	1.228382576	0.8493314890000001	1.275170966	1.03245912	0.377376254	1.077753622	0.957238261	0.648070819	No	MOp	C	6	Cells	exc	11810	10697	11020	9130	6772	5186	3623	2431	1553	9110	8120	6755	5014	3253	6/6/2017	6/26/2017	14.1	1608207A	1605020A	NXT20157976	NXT20113425	0.0	0.032	Standard	150_30	0.0	HistoricalData	Broad	index96			16.83588202	3.464308057	2.8740846810000003	83.45914403
smarter_cells_SM-GE67S_S060_E1-50	44	4991	L5 ET	L5 ET	Glutamatergic	#53A367	12	669673398	SM-GE67S-S060	R8S4-180221	RSC-143	SM-GE67S	R8S4-18022106	5.211208823	4.79	369	12	NEXT-i7-IDT-53	NEXT-i5-IDT-332	TGGCATGT-TCAGTAGG	Mouse	F1S4_180130_305	F1S4_180130_305_D01		Pvalb-T2A-CreERT2;Ai14-371346.05.01.036	669195821	1		371346	M		Cells	Pvalb-T2A-CreERT2/wt;Ai14(RCL-tdT)/wt	RFP-positive	Pvalb-T2A-CreERT2	Ai14(RCL-tdT)			MOp_L5			5	9	A8S4_180201_10	A8S4_180201_10_D08	2018-02-01	18x	0.7190000000000001	Pass	11.32151124	L8S4_180209_01	L8S4_180209_01_D08	2/9/2018	0.1	373	50.86777138	206.628367	11.47935372	Pass	999.0	118275613	36:51.1	1362066	False		/allen/programs/celltypes/production/mousecelltypes/prod155/Star_Analysis_Run_669673398/669673398/	ar_669673398_STAR_ReadsPerGene.out.tab		/allen/programs/celltypes/production/mousecelltypes/prod154/rseq_tube_set_R8S4-180221/RSC-143_R8S4-180221/RAW-DATA/SM-GE67S/SM-GE67S_E1-50_TGGCATGT-TCAGTAGG_R1.fastq.gz	1320338	65.78557915	0.0	0.0	1.538545433	0.002070682	0.001268615	95.44866542	0.989947136	0.938399932	1.247841989	0.829035118	1.26107968	1.03690141	0.355459006	1.071610707	0.949777386	0.669162096	No	MOp	D	8	Cells	exc	12845	11692	11858	10420	7424	5455	3640	2304	1396	10404	9274	7635	5499	3346	1/19/2018	1/30/2018	14.1	1704133A	1702144A	NXT20208997	IDT NXT - 24						HistoricalData	Broad	index192			3.243411914	13.08717919	6.133808161	85.0065665
